SKU;model;brand;product;description;long_description;width;width_unit;depth;depth_unit;height;height_unit;weight;weight_unit;price;sale_price;currency;stock;stock_status;category;tags;EAN;tax_class;shipping_class;product_type;parent_SKU;attribute_1_name;attribute_1_value;attribute_2_name;attribute_2_value;attribute_3_name;attribute_3_value;attribute_4_name;attribute_4_value;attribute_5_name;attribute_5_value;attribute_6_name;attribute_6_value;status;video_url;image;image_2;image_3;datasheet_url;manual_url;technicalmanual_url;drawing_url;catalogue_url;photo_url;card_url;brandcatalogue_url;price_url
CKNFMCCG6GGDUPLEX;CG6GGDUPLEX;FIAMMA CATERING;CONTACT GRILL;CONTACT GRILL ELECTRIC - DUPLEX, GROOVED LOWER AND UPPER PLATES, POWER 3 KW;CONTACT GRILL ELECTRIC - DUPLEX, GROOVED LOWER AND UPPER PLATES, POWER 3 KW;470;mm;445;mm;245;mm;16.5;Kg;995;;EUR;;instock;;;;;;simple;;working area;370x250 mm;;;;;;;;;;;active;https://raw.githubusercontent.com/cooknation/fiammacatering/refs/heads/main/fiammacatering_video_CG6GGDUPLEX.mp4;https://raw.githubusercontent.com/cooknation/fiammacatering/refs/heads/main/fiammacatering_image_CG6GGDUPLEX.jpg;https://raw.githubusercontent.com/cooknation/fiammacatering/refs/heads/main/fiammacatering_image_2_CG6GGDUPLEX.jpg;https://raw.githubusercontent.com/cooknation/fiammacatering/refs/heads/main/fiammacatering_image_3_CG6GGDUPLEX.jpg;https://raw.githubusercontent.com/cooknation/fiammacatering/refs/heads/main/fiammacatering_datasheet_CG6GGDUPLEX.pdf;https://raw.githubusercontent.com/cooknation/fiammacatering/refs/heads/main/fiammacatering_manual_CG6GGDUPLEX.pdf;https://raw.githubusercontent.com/cooknation/fiammacatering/refs/heads/main/fiammacatering_technicalmanual_CG6GGDUPLEX.pdf;https://raw.githubusercontent.com/cooknation/fiammacatering/refs/heads/main/fiammacatering_drawing_CG6GGDUPLEX.pdf;https://raw.githubusercontent.com/cooknation/fiammacatering/refs/heads/main/fiammacatering_catalogue_CG6GGDUPLEX.pdf;https://raw.githubusercontent.com/cooknation/fiammacatering/refs/heads/main/fiammacatering_photo_CG6GGDUPLEX.jpg;https://raw.githubusercontent.com/cooknation/fiammacatering/refs/heads/main/fiammacatering_card_CG6GGDUPLEX.pdf;https://raw.githubusercontent.com/cooknation/fiammacatering/refs/heads/main/fiammacatering_catalogue.pdf;https://raw.githubusercontent.com/cooknation/fiammacatering/refs/heads/main/fiammacatering_price.pdf
CKNFMCCG6SGDUPLEX;CG6SGDUPLEX;FIAMMA CATERING;CONTACT GRILL;CONTACT GRILL ELECTRIC - DUPLEX, SMOOTH LOWER PLATE AND GROOVED UPPER PLATE, POWER 3 KW;CONTACT GRILL ELECTRIC - DUPLEX, SMOOTH LOWER PLATE AND GROOVED UPPER PLATE, POWER 3 KW;470;mm;445;mm;245;mm;16.5;Kg;995;;EUR;;instock;;;;;;simple;;working area;370x250 mm;;;;;;;;;;;active;https://raw.githubusercontent.com/cooknation/fiammacatering/refs/heads/main/fiammacatering_video_CG6SGDUPLEX.mp4;https://raw.githubusercontent.com/cooknation/fiammacatering/refs/heads/main/fiammacatering_image_CG6SGDUPLEX.jpg;https://raw.githubusercontent.com/cooknation/fiammacatering/refs/heads/main/fiammacatering_image_2_CG6SGDUPLEX.jpg;https://raw.githubusercontent.com/cooknation/fiammacatering/refs/heads/main/fiammacatering_image_3_CG6SGDUPLEX.jpg;https://raw.githubusercontent.com/cooknation/fiammacatering/refs/heads/main/fiammacatering_datasheet_CG6SGDUPLEX.pdf;https://raw.githubusercontent.com/cooknation/fiammacatering/refs/heads/main/fiammacatering_manual_CG6SGDUPLEX.pdf;https://raw.githubusercontent.com/cooknation/fiammacatering/refs/heads/main/fiammacatering_technicalmanual_CG6SGDUPLEX.pdf;https://raw.githubusercontent.com/cooknation/fiammacatering/refs/heads/main/fiammacatering_drawing_CG6SGDUPLEX.pdf;https://raw.githubusercontent.com/cooknation/fiammacatering/refs/heads/main/fiammacatering_catalogue_CG6SGDUPLEX.pdf;https://raw.githubusercontent.com/cooknation/fiammacatering/refs/heads/main/fiammacatering_photo_CG6SGDUPLEX.jpg;https://raw.githubusercontent.com/cooknation/fiammacatering/refs/heads/main/fiammacatering_card_CG6SGDUPLEX.pdf;https://raw.githubusercontent.com/cooknation/fiammacatering/refs/heads/main/fiammacatering_catalogue.pdf;https://raw.githubusercontent.com/cooknation/fiammacatering/refs/heads/main/fiammacatering_price.pdf
CKNFMCCG6SSDUPLEX;CG6SSDUPLEX;FIAMMA CATERING;CONTACT GRILL;CONTACT GRILL ELECTRIC - DUPLEX SMOOTH, UPPER AND LOWER PLATES, POWER 3 KW;CONTACT GRILL ELECTRIC - DUPLEX SMOOTH, UPPER AND LOWER PLATES, POWER 3 KW;470;mm;445;mm;245;mm;16.5;Kg;995;;EUR;;instock;;;;;;simple;;working area;370x250 mm;;;;;;;;;;;active;https://raw.githubusercontent.com/cooknation/fiammacatering/refs/heads/main/fiammacatering_video_CG6SSDUPLEX.mp4;https://raw.githubusercontent.com/cooknation/fiammacatering/refs/heads/main/fiammacatering_image_CG6SSDUPLEX.jpg;https://raw.githubusercontent.com/cooknation/fiammacatering/refs/heads/main/fiammacatering_image_2_CG6SSDUPLEX.jpg;https://raw.githubusercontent.com/cooknation/fiammacatering/refs/heads/main/fiammacatering_image_3_CG6SSDUPLEX.jpg;https://raw.githubusercontent.com/cooknation/fiammacatering/refs/heads/main/fiammacatering_datasheet_CG6SSDUPLEX.pdf;https://raw.githubusercontent.com/cooknation/fiammacatering/refs/heads/main/fiammacatering_manual_CG6SSDUPLEX.pdf;https://raw.githubusercontent.com/cooknation/fiammacatering/refs/heads/main/fiammacatering_technicalmanual_CG6SSDUPLEX.pdf;https://raw.githubusercontent.com/cooknation/fiammacatering/refs/heads/main/fiammacatering_drawing_CG6SSDUPLEX.pdf;https://raw.githubusercontent.com/cooknation/fiammacatering/refs/heads/main/fiammacatering_catalogue_CG6SSDUPLEX.pdf;https://raw.githubusercontent.com/cooknation/fiammacatering/refs/heads/main/fiammacatering_photo_CG6SSDUPLEX.jpg;https://raw.githubusercontent.com/cooknation/fiammacatering/refs/heads/main/fiammacatering_card_CG6SSDUPLEX.pdf;https://raw.githubusercontent.com/cooknation/fiammacatering/refs/heads/main/fiammacatering_catalogue.pdf;https://raw.githubusercontent.com/cooknation/fiammacatering/refs/heads/main/fiammacatering_price.pdf
CKNFMCCG6GGVITRO;CG6GGVITRO;FIAMMA CATERING;CONTACT GRILL;CONTACT GRILL ELECTRIC - CERAMIC GLASS, GROOVED UPPER AND LOWER PLATE, POWER 3 KW;CONTACT GRILL ELECTRIC - CERAMIC GLASS, GROOVED UPPER AND LOWER PLATE, POWER 3 KW;470;mm;445;mm;245;mm;15.5;Kg;995;;EUR;;instock;;;;;;simple;;working area;340x220 mm;;;;;;;;;;;active;https://raw.githubusercontent.com/cooknation/fiammacatering/refs/heads/main/fiammacatering_video_CG6GGVITRO.mp4;https://raw.githubusercontent.com/cooknation/fiammacatering/refs/heads/main/fiammacatering_image_CG6GGVITRO.jpg;https://raw.githubusercontent.com/cooknation/fiammacatering/refs/heads/main/fiammacatering_image_2_CG6GGVITRO.jpg;https://raw.githubusercontent.com/cooknation/fiammacatering/refs/heads/main/fiammacatering_image_3_CG6GGVITRO.jpg;https://raw.githubusercontent.com/cooknation/fiammacatering/refs/heads/main/fiammacatering_datasheet_CG6GGVITRO.pdf;https://raw.githubusercontent.com/cooknation/fiammacatering/refs/heads/main/fiammacatering_manual_CG6GGVITRO.pdf;https://raw.githubusercontent.com/cooknation/fiammacatering/refs/heads/main/fiammacatering_technicalmanual_CG6GGVITRO.pdf;https://raw.githubusercontent.com/cooknation/fiammacatering/refs/heads/main/fiammacatering_drawing_CG6GGVITRO.pdf;https://raw.githubusercontent.com/cooknation/fiammacatering/refs/heads/main/fiammacatering_catalogue_CG6GGVITRO.pdf;https://raw.githubusercontent.com/cooknation/fiammacatering/refs/heads/main/fiammacatering_photo_CG6GGVITRO.jpg;https://raw.githubusercontent.com/cooknation/fiammacatering/refs/heads/main/fiammacatering_card_CG6GGVITRO.pdf;https://raw.githubusercontent.com/cooknation/fiammacatering/refs/heads/main/fiammacatering_catalogue.pdf;https://raw.githubusercontent.com/cooknation/fiammacatering/refs/heads/main/fiammacatering_price.pdf
CKNFMCCG6SGVITRO;CG6SGVITRO;FIAMMA CATERING;CONTACT GRILL;CONTACT GRILL ELECTRIC - CERAMIC GLASS, GROOVED UPPER AND LOWER PLATES, POWER 3KW;CONTACT GRILL ELECTRIC - CERAMIC GLASS, GROOVED UPPER AND LOWER PLATES, POWER 3KW;470;mm;445;mm;245;mm;15.5;Kg;995;;EUR;;instock;;;;;;simple;;working area;340x220 mm;;;;;;;;;;;active;https://raw.githubusercontent.com/cooknation/fiammacatering/refs/heads/main/fiammacatering_video_CG6SGVITRO.mp4;https://raw.githubusercontent.com/cooknation/fiammacatering/refs/heads/main/fiammacatering_image_CG6SGVITRO.jpg;https://raw.githubusercontent.com/cooknation/fiammacatering/refs/heads/main/fiammacatering_image_2_CG6SGVITRO.jpg;https://raw.githubusercontent.com/cooknation/fiammacatering/refs/heads/main/fiammacatering_image_3_CG6SGVITRO.jpg;https://raw.githubusercontent.com/cooknation/fiammacatering/refs/heads/main/fiammacatering_datasheet_CG6SGVITRO.pdf;https://raw.githubusercontent.com/cooknation/fiammacatering/refs/heads/main/fiammacatering_manual_CG6SGVITRO.pdf;https://raw.githubusercontent.com/cooknation/fiammacatering/refs/heads/main/fiammacatering_technicalmanual_CG6SGVITRO.pdf;https://raw.githubusercontent.com/cooknation/fiammacatering/refs/heads/main/fiammacatering_drawing_CG6SGVITRO.pdf;https://raw.githubusercontent.com/cooknation/fiammacatering/refs/heads/main/fiammacatering_catalogue_CG6SGVITRO.pdf;https://raw.githubusercontent.com/cooknation/fiammacatering/refs/heads/main/fiammacatering_photo_CG6SGVITRO.jpg;https://raw.githubusercontent.com/cooknation/fiammacatering/refs/heads/main/fiammacatering_card_CG6SGVITRO.pdf;https://raw.githubusercontent.com/cooknation/fiammacatering/refs/heads/main/fiammacatering_catalogue.pdf;https://raw.githubusercontent.com/cooknation/fiammacatering/refs/heads/main/fiammacatering_price.pdf
CKNFMCCG6SSVITRO;CG6SSVITRO;FIAMMA CATERING;CONTACT GRILL;CONTACT GRILL ELECTRIC - CERAMIC GLASS, SMOOTH LOWER AND UPPER PLATES, POWER 3 KW;CONTACT GRILL ELECTRIC - CERAMIC GLASS, SMOOTH LOWER AND UPPER PLATES, POWER 3 KW;470;mm;445;mm;245;mm;15.5;Kg;995;;EUR;;instock;;;;;;simple;;working area;340x220 mm;;;;;;;;;;;active;https://raw.githubusercontent.com/cooknation/fiammacatering/refs/heads/main/fiammacatering_video_CG6SSVITRO.mp4;https://raw.githubusercontent.com/cooknation/fiammacatering/refs/heads/main/fiammacatering_image_CG6SSVITRO.jpg;https://raw.githubusercontent.com/cooknation/fiammacatering/refs/heads/main/fiammacatering_image_2_CG6SSVITRO.jpg;https://raw.githubusercontent.com/cooknation/fiammacatering/refs/heads/main/fiammacatering_image_3_CG6SSVITRO.jpg;https://raw.githubusercontent.com/cooknation/fiammacatering/refs/heads/main/fiammacatering_datasheet_CG6SSVITRO.pdf;https://raw.githubusercontent.com/cooknation/fiammacatering/refs/heads/main/fiammacatering_manual_CG6SSVITRO.pdf;https://raw.githubusercontent.com/cooknation/fiammacatering/refs/heads/main/fiammacatering_technicalmanual_CG6SSVITRO.pdf;https://raw.githubusercontent.com/cooknation/fiammacatering/refs/heads/main/fiammacatering_drawing_CG6SSVITRO.pdf;https://raw.githubusercontent.com/cooknation/fiammacatering/refs/heads/main/fiammacatering_catalogue_CG6SSVITRO.pdf;https://raw.githubusercontent.com/cooknation/fiammacatering/refs/heads/main/fiammacatering_photo_CG6SSVITRO.jpg;https://raw.githubusercontent.com/cooknation/fiammacatering/refs/heads/main/fiammacatering_card_CG6SSVITRO.pdf;https://raw.githubusercontent.com/cooknation/fiammacatering/refs/heads/main/fiammacatering_catalogue.pdf;https://raw.githubusercontent.com/cooknation/fiammacatering/refs/heads/main/fiammacatering_price.pdf
CKNFMCCG8GGVITRO;CG8GGVITRO;FIAMMA CATERING;CONTACT GRILL;CONTACT GRILL ELECTRIC - CERAMIC GLASS, GROOVED LOWER AND UPPER PLATES, POWER 3.4 KW;CONTACT GRILL ELECTRIC - CERAMIC GLASS, GROOVED LOWER AND UPPER PLATES, POWER 3.4 KW;640;mm;445;mm;245;mm;23.7;Kg;1550;;EUR;;instock;;;;;;simple;;working area;2x (220x220) mm;;;;;;;;;;;active;https://raw.githubusercontent.com/cooknation/fiammacatering/refs/heads/main/fiammacatering_video_CG8GGVITRO.mp4;https://raw.githubusercontent.com/cooknation/fiammacatering/refs/heads/main/fiammacatering_image_CG8GGVITRO.jpg;https://raw.githubusercontent.com/cooknation/fiammacatering/refs/heads/main/fiammacatering_image_2_CG8GGVITRO.jpg;https://raw.githubusercontent.com/cooknation/fiammacatering/refs/heads/main/fiammacatering_image_3_CG8GGVITRO.jpg;https://raw.githubusercontent.com/cooknation/fiammacatering/refs/heads/main/fiammacatering_datasheet_CG8GGVITRO.pdf;https://raw.githubusercontent.com/cooknation/fiammacatering/refs/heads/main/fiammacatering_manual_CG8GGVITRO.pdf;https://raw.githubusercontent.com/cooknation/fiammacatering/refs/heads/main/fiammacatering_technicalmanual_CG8GGVITRO.pdf;https://raw.githubusercontent.com/cooknation/fiammacatering/refs/heads/main/fiammacatering_drawing_CG8GGVITRO.pdf;https://raw.githubusercontent.com/cooknation/fiammacatering/refs/heads/main/fiammacatering_catalogue_CG8GGVITRO.pdf;https://raw.githubusercontent.com/cooknation/fiammacatering/refs/heads/main/fiammacatering_photo_CG8GGVITRO.jpg;https://raw.githubusercontent.com/cooknation/fiammacatering/refs/heads/main/fiammacatering_card_CG8GGVITRO.pdf;https://raw.githubusercontent.com/cooknation/fiammacatering/refs/heads/main/fiammacatering_catalogue.pdf;https://raw.githubusercontent.com/cooknation/fiammacatering/refs/heads/main/fiammacatering_price.pdf
CKNFMCCG8SGVITRO;CG8SGVITRO;FIAMMA CATERING;CONTACT GRILL;CONTACT GRILL ELECTRIC - CERAMIC GLASS, SMOOTH LOWER PLATE AND GROOVED UPPER PLATE, POWER 3,4 KW;CONTACT GRILL ELECTRIC - CERAMIC GLASS, SMOOTH LOWER PLATE AND GROOVED UPPER PLATE, POWER 3,4 KW;640;mm;445;mm;245;mm;23.7;Kg;1550;;EUR;;instock;;;;;;simple;;working area;2x (220x220) mm;;;;;;;;;;;active;https://raw.githubusercontent.com/cooknation/fiammacatering/refs/heads/main/fiammacatering_video_CG8SGVITRO.mp4;https://raw.githubusercontent.com/cooknation/fiammacatering/refs/heads/main/fiammacatering_image_CG8SGVITRO.jpg;https://raw.githubusercontent.com/cooknation/fiammacatering/refs/heads/main/fiammacatering_image_2_CG8SGVITRO.jpg;https://raw.githubusercontent.com/cooknation/fiammacatering/refs/heads/main/fiammacatering_image_3_CG8SGVITRO.jpg;https://raw.githubusercontent.com/cooknation/fiammacatering/refs/heads/main/fiammacatering_datasheet_CG8SGVITRO.pdf;https://raw.githubusercontent.com/cooknation/fiammacatering/refs/heads/main/fiammacatering_manual_CG8SGVITRO.pdf;https://raw.githubusercontent.com/cooknation/fiammacatering/refs/heads/main/fiammacatering_technicalmanual_CG8SGVITRO.pdf;https://raw.githubusercontent.com/cooknation/fiammacatering/refs/heads/main/fiammacatering_drawing_CG8SGVITRO.pdf;https://raw.githubusercontent.com/cooknation/fiammacatering/refs/heads/main/fiammacatering_catalogue_CG8SGVITRO.pdf;https://raw.githubusercontent.com/cooknation/fiammacatering/refs/heads/main/fiammacatering_photo_CG8SGVITRO.jpg;https://raw.githubusercontent.com/cooknation/fiammacatering/refs/heads/main/fiammacatering_card_CG8SGVITRO.pdf;https://raw.githubusercontent.com/cooknation/fiammacatering/refs/heads/main/fiammacatering_catalogue.pdf;https://raw.githubusercontent.com/cooknation/fiammacatering/refs/heads/main/fiammacatering_price.pdf
CKNFMCCG8SSVITRO;CG8SSVITRO;FIAMMA CATERING;CONTACT GRILL;CONTACT GRILL ELECTRIC - CERAMIC GLASS, SMOOTH LOWER AND UPPER PLATE, POWER 3.4 KW;CONTACT GRILL ELECTRIC - CERAMIC GLASS, SMOOTH LOWER AND UPPER PLATE, POWER 3.4 KW;640;mm;445;mm;245;mm;23.7;Kg;1550;;EUR;;instock;;;;;;simple;;working area;2x (220x220) mm;;;;;;;;;;;active;https://raw.githubusercontent.com/cooknation/fiammacatering/refs/heads/main/fiammacatering_video_CG8SSVITRO.mp4;https://raw.githubusercontent.com/cooknation/fiammacatering/refs/heads/main/fiammacatering_image_CG8SSVITRO.jpg;https://raw.githubusercontent.com/cooknation/fiammacatering/refs/heads/main/fiammacatering_image_2_CG8SSVITRO.jpg;https://raw.githubusercontent.com/cooknation/fiammacatering/refs/heads/main/fiammacatering_image_3_CG8SSVITRO.jpg;https://raw.githubusercontent.com/cooknation/fiammacatering/refs/heads/main/fiammacatering_datasheet_CG8SSVITRO.pdf;https://raw.githubusercontent.com/cooknation/fiammacatering/refs/heads/main/fiammacatering_manual_CG8SSVITRO.pdf;https://raw.githubusercontent.com/cooknation/fiammacatering/refs/heads/main/fiammacatering_technicalmanual_CG8SSVITRO.pdf;https://raw.githubusercontent.com/cooknation/fiammacatering/refs/heads/main/fiammacatering_drawing_CG8SSVITRO.pdf;https://raw.githubusercontent.com/cooknation/fiammacatering/refs/heads/main/fiammacatering_catalogue_CG8SSVITRO.pdf;https://raw.githubusercontent.com/cooknation/fiammacatering/refs/heads/main/fiammacatering_photo_CG8SSVITRO.jpg;https://raw.githubusercontent.com/cooknation/fiammacatering/refs/heads/main/fiammacatering_card_CG8SSVITRO.pdf;https://raw.githubusercontent.com/cooknation/fiammacatering/refs/heads/main/fiammacatering_catalogue.pdf;https://raw.githubusercontent.com/cooknation/fiammacatering/refs/heads/main/fiammacatering_price.pdf
CKNFMCGR42;GR42;FIAMMA CATERING;CONTACT GRILL;CONTACT GRILL ELECTRIC - CAST IRON,GROOVED LOWER AND UPPER PLATES, POWER 1.8 KW;CONTACT GRILL ELECTRIC - CAST IRON,GROOVED LOWER AND UPPER PLATES, POWER 1.8 KW;400;mm;430;mm;240;mm;20;Kg;520;;EUR;;instock;;;;;;simple;;working area;255x245 mm;;;;;;;;;;;active;https://raw.githubusercontent.com/cooknation/fiammacatering/refs/heads/main/fiammacatering_video_GR42.mp4;https://raw.githubusercontent.com/cooknation/fiammacatering/refs/heads/main/fiammacatering_image_GR42.jpg;https://raw.githubusercontent.com/cooknation/fiammacatering/refs/heads/main/fiammacatering_image_2_GR42.jpg;https://raw.githubusercontent.com/cooknation/fiammacatering/refs/heads/main/fiammacatering_image_3_GR42.jpg;https://raw.githubusercontent.com/cooknation/fiammacatering/refs/heads/main/fiammacatering_datasheet_GR42.pdf;https://raw.githubusercontent.com/cooknation/fiammacatering/refs/heads/main/fiammacatering_manual_GR42.pdf;https://raw.githubusercontent.com/cooknation/fiammacatering/refs/heads/main/fiammacatering_technicalmanual_GR42.pdf;https://raw.githubusercontent.com/cooknation/fiammacatering/refs/heads/main/fiammacatering_drawing_GR42.pdf;https://raw.githubusercontent.com/cooknation/fiammacatering/refs/heads/main/fiammacatering_catalogue_GR42.pdf;https://raw.githubusercontent.com/cooknation/fiammacatering/refs/heads/main/fiammacatering_photo_GR42.jpg;https://raw.githubusercontent.com/cooknation/fiammacatering/refs/heads/main/fiammacatering_card_GR42.pdf;https://raw.githubusercontent.com/cooknation/fiammacatering/refs/heads/main/fiammacatering_catalogue.pdf;https://raw.githubusercontent.com/cooknation/fiammacatering/refs/heads/main/fiammacatering_price.pdf
CKNFMCGR41L;GR41L;FIAMMA CATERING;CONTACT GRILL;CONTACT GRILL ELECTRIC - CAST IRON, SMOOTH LOWER PLATE AND GROOVED UPPER PLATE, POWER 1.8 KW;CONTACT GRILL ELECTRIC - CAST IRON, SMOOTH LOWER PLATE AND GROOVED UPPER PLATE, POWER 1.8 KW;400;mm;430;mm;240;mm;20;Kg;520;;EUR;;instock;;;;;;simple;;working area;255x245 mm;;;;;;;;;;;active;https://raw.githubusercontent.com/cooknation/fiammacatering/refs/heads/main/fiammacatering_video_GR41L.mp4;https://raw.githubusercontent.com/cooknation/fiammacatering/refs/heads/main/fiammacatering_image_GR41L.jpg;https://raw.githubusercontent.com/cooknation/fiammacatering/refs/heads/main/fiammacatering_image_2_GR41L.jpg;https://raw.githubusercontent.com/cooknation/fiammacatering/refs/heads/main/fiammacatering_image_3_GR41L.jpg;https://raw.githubusercontent.com/cooknation/fiammacatering/refs/heads/main/fiammacatering_datasheet_GR41L.pdf;https://raw.githubusercontent.com/cooknation/fiammacatering/refs/heads/main/fiammacatering_manual_GR41L.pdf;https://raw.githubusercontent.com/cooknation/fiammacatering/refs/heads/main/fiammacatering_technicalmanual_GR41L.pdf;https://raw.githubusercontent.com/cooknation/fiammacatering/refs/heads/main/fiammacatering_drawing_GR41L.pdf;https://raw.githubusercontent.com/cooknation/fiammacatering/refs/heads/main/fiammacatering_catalogue_GR41L.pdf;https://raw.githubusercontent.com/cooknation/fiammacatering/refs/heads/main/fiammacatering_photo_GR41L.jpg;https://raw.githubusercontent.com/cooknation/fiammacatering/refs/heads/main/fiammacatering_card_GR41L.pdf;https://raw.githubusercontent.com/cooknation/fiammacatering/refs/heads/main/fiammacatering_catalogue.pdf;https://raw.githubusercontent.com/cooknation/fiammacatering/refs/heads/main/fiammacatering_price.pdf
CKNFMCGR41LTL;GR41LTL;FIAMMA CATERING;CONTACT GRILL;CONTACT GRILL ELECTRIC - CAST IRON, SMOOTH LOWER AND UPPER PLATE, POWER 1.8 KW;CONTACT GRILL ELECTRIC - CAST IRON, SMOOTH LOWER AND UPPER PLATE, POWER 1.8 KW;400;mm;430;mm;240;mm;20;Kg;520;;EUR;;instock;;;;;;simple;;working area;255x245 mm;;;;;;;;;;;active;https://raw.githubusercontent.com/cooknation/fiammacatering/refs/heads/main/fiammacatering_video_GR41LTL.mp4;https://raw.githubusercontent.com/cooknation/fiammacatering/refs/heads/main/fiammacatering_image_GR41LTL.jpg;https://raw.githubusercontent.com/cooknation/fiammacatering/refs/heads/main/fiammacatering_image_2_GR41LTL.jpg;https://raw.githubusercontent.com/cooknation/fiammacatering/refs/heads/main/fiammacatering_image_3_GR41LTL.jpg;https://raw.githubusercontent.com/cooknation/fiammacatering/refs/heads/main/fiammacatering_datasheet_GR41LTL.pdf;https://raw.githubusercontent.com/cooknation/fiammacatering/refs/heads/main/fiammacatering_manual_GR41LTL.pdf;https://raw.githubusercontent.com/cooknation/fiammacatering/refs/heads/main/fiammacatering_technicalmanual_GR41LTL.pdf;https://raw.githubusercontent.com/cooknation/fiammacatering/refs/heads/main/fiammacatering_drawing_GR41LTL.pdf;https://raw.githubusercontent.com/cooknation/fiammacatering/refs/heads/main/fiammacatering_catalogue_GR41LTL.pdf;https://raw.githubusercontent.com/cooknation/fiammacatering/refs/heads/main/fiammacatering_photo_GR41LTL.jpg;https://raw.githubusercontent.com/cooknation/fiammacatering/refs/heads/main/fiammacatering_card_GR41LTL.pdf;https://raw.githubusercontent.com/cooknation/fiammacatering/refs/heads/main/fiammacatering_catalogue.pdf;https://raw.githubusercontent.com/cooknation/fiammacatering/refs/heads/main/fiammacatering_price.pdf
CKNFMCGR61;GR61;FIAMMA CATERING;CONTACT GRILL;CONTACT GRILL ELECTRIC - CAST IRON, GROOVED LOWER AND UPPER PLATES, POWER 3 KW;CONTACT GRILL ELECTRIC - CAST IRON, GROOVED LOWER AND UPPER PLATES, POWER 3 KW;510;mm;430;mm;240;mm;28;Kg;595;;EUR;;instock;;;;;;simple;;working area;365x245 mm;;;;;;;;;;;active;https://raw.githubusercontent.com/cooknation/fiammacatering/refs/heads/main/fiammacatering_video_GR61.mp4;https://raw.githubusercontent.com/cooknation/fiammacatering/refs/heads/main/fiammacatering_image_GR61.jpg;https://raw.githubusercontent.com/cooknation/fiammacatering/refs/heads/main/fiammacatering_image_2_GR61.jpg;https://raw.githubusercontent.com/cooknation/fiammacatering/refs/heads/main/fiammacatering_image_3_GR61.jpg;https://raw.githubusercontent.com/cooknation/fiammacatering/refs/heads/main/fiammacatering_datasheet_GR61.pdf;https://raw.githubusercontent.com/cooknation/fiammacatering/refs/heads/main/fiammacatering_manual_GR61.pdf;https://raw.githubusercontent.com/cooknation/fiammacatering/refs/heads/main/fiammacatering_technicalmanual_GR61.pdf;https://raw.githubusercontent.com/cooknation/fiammacatering/refs/heads/main/fiammacatering_drawing_GR61.pdf;https://raw.githubusercontent.com/cooknation/fiammacatering/refs/heads/main/fiammacatering_catalogue_GR61.pdf;https://raw.githubusercontent.com/cooknation/fiammacatering/refs/heads/main/fiammacatering_photo_GR61.jpg;https://raw.githubusercontent.com/cooknation/fiammacatering/refs/heads/main/fiammacatering_card_GR61.pdf;https://raw.githubusercontent.com/cooknation/fiammacatering/refs/heads/main/fiammacatering_catalogue.pdf;https://raw.githubusercontent.com/cooknation/fiammacatering/refs/heads/main/fiammacatering_price.pdf
CKNFMCGR61L;GR61L;FIAMMA CATERING;CONTACT GRILL;CONTACT GRILL ELECTRIC - CAST IRON, SMOOTH LOWER PLATE AND GROOVED UPPER PLATE, POWER 3 KW;CONTACT GRILL ELECTRIC - CAST IRON, SMOOTH LOWER PLATE AND GROOVED UPPER PLATE, POWER 3 KW;510;mm;430;mm;240;mm;28;Kg;595;;EUR;;instock;;;;;;simple;;working area;365x245 mm;;;;;;;;;;;active;https://raw.githubusercontent.com/cooknation/fiammacatering/refs/heads/main/fiammacatering_video_GR61L.mp4;https://raw.githubusercontent.com/cooknation/fiammacatering/refs/heads/main/fiammacatering_image_GR61L.jpg;https://raw.githubusercontent.com/cooknation/fiammacatering/refs/heads/main/fiammacatering_image_2_GR61L.jpg;https://raw.githubusercontent.com/cooknation/fiammacatering/refs/heads/main/fiammacatering_image_3_GR61L.jpg;https://raw.githubusercontent.com/cooknation/fiammacatering/refs/heads/main/fiammacatering_datasheet_GR61L.pdf;https://raw.githubusercontent.com/cooknation/fiammacatering/refs/heads/main/fiammacatering_manual_GR61L.pdf;https://raw.githubusercontent.com/cooknation/fiammacatering/refs/heads/main/fiammacatering_technicalmanual_GR61L.pdf;https://raw.githubusercontent.com/cooknation/fiammacatering/refs/heads/main/fiammacatering_drawing_GR61L.pdf;https://raw.githubusercontent.com/cooknation/fiammacatering/refs/heads/main/fiammacatering_catalogue_GR61L.pdf;https://raw.githubusercontent.com/cooknation/fiammacatering/refs/heads/main/fiammacatering_photo_GR61L.jpg;https://raw.githubusercontent.com/cooknation/fiammacatering/refs/heads/main/fiammacatering_card_GR61L.pdf;https://raw.githubusercontent.com/cooknation/fiammacatering/refs/heads/main/fiammacatering_catalogue.pdf;https://raw.githubusercontent.com/cooknation/fiammacatering/refs/heads/main/fiammacatering_price.pdf
CKNFMCGR61LTL;GR61LTL;FIAMMA CATERING;CONTACT GRILL;DOUBLE CONTACT GRILL ELECTRIC - CAST IRON, SMOOTH LOWER AND UPPER PLATE, POWER 3 KW;DOUBLE CONTACT GRILL ELECTRIC - CAST IRON, SMOOTH LOWER AND UPPER PLATE, POWER 3 KW;510;mm;430;mm;240;mm;28;Kg;595;;EUR;;instock;;;;;;simple;;working area;365x245 mm;;;;;;;;;;;active;https://raw.githubusercontent.com/cooknation/fiammacatering/refs/heads/main/fiammacatering_video_GR61LTL.mp4;https://raw.githubusercontent.com/cooknation/fiammacatering/refs/heads/main/fiammacatering_image_GR61LTL.jpg;https://raw.githubusercontent.com/cooknation/fiammacatering/refs/heads/main/fiammacatering_image_2_GR61LTL.jpg;https://raw.githubusercontent.com/cooknation/fiammacatering/refs/heads/main/fiammacatering_image_3_GR61LTL.jpg;https://raw.githubusercontent.com/cooknation/fiammacatering/refs/heads/main/fiammacatering_datasheet_GR61LTL.pdf;https://raw.githubusercontent.com/cooknation/fiammacatering/refs/heads/main/fiammacatering_manual_GR61LTL.pdf;https://raw.githubusercontent.com/cooknation/fiammacatering/refs/heads/main/fiammacatering_technicalmanual_GR61LTL.pdf;https://raw.githubusercontent.com/cooknation/fiammacatering/refs/heads/main/fiammacatering_drawing_GR61LTL.pdf;https://raw.githubusercontent.com/cooknation/fiammacatering/refs/heads/main/fiammacatering_catalogue_GR61LTL.pdf;https://raw.githubusercontent.com/cooknation/fiammacatering/refs/heads/main/fiammacatering_photo_GR61LTL.jpg;https://raw.githubusercontent.com/cooknation/fiammacatering/refs/heads/main/fiammacatering_card_GR61LTL.pdf;https://raw.githubusercontent.com/cooknation/fiammacatering/refs/heads/main/fiammacatering_catalogue.pdf;https://raw.githubusercontent.com/cooknation/fiammacatering/refs/heads/main/fiammacatering_price.pdf
CKNFMCGR82;GR82;FIAMMA CATERING;CONTACT GRILL;DOUBLE CONTACT GRILL ELECTRIC - CAST IRON, GROOVED LOWER AND UPPER PLATE, , POWER 3.6 KW;DOUBLE CONTACT GRILL ELECTRIC - CAST IRON, GROOVED LOWER AND UPPER PLATE, , POWER 3.6 KW;690;mm;430;mm;240;mm;37;Kg;870;;EUR;;instock;;;;;;simple;;working area;550x245 mm;;;;;;;;;;;active;https://raw.githubusercontent.com/cooknation/fiammacatering/refs/heads/main/fiammacatering_video_GR82.mp4;https://raw.githubusercontent.com/cooknation/fiammacatering/refs/heads/main/fiammacatering_image_GR82.jpg;https://raw.githubusercontent.com/cooknation/fiammacatering/refs/heads/main/fiammacatering_image_2_GR82.jpg;https://raw.githubusercontent.com/cooknation/fiammacatering/refs/heads/main/fiammacatering_image_3_GR82.jpg;https://raw.githubusercontent.com/cooknation/fiammacatering/refs/heads/main/fiammacatering_datasheet_GR82.pdf;https://raw.githubusercontent.com/cooknation/fiammacatering/refs/heads/main/fiammacatering_manual_GR82.pdf;https://raw.githubusercontent.com/cooknation/fiammacatering/refs/heads/main/fiammacatering_technicalmanual_GR82.pdf;https://raw.githubusercontent.com/cooknation/fiammacatering/refs/heads/main/fiammacatering_drawing_GR82.pdf;https://raw.githubusercontent.com/cooknation/fiammacatering/refs/heads/main/fiammacatering_catalogue_GR82.pdf;https://raw.githubusercontent.com/cooknation/fiammacatering/refs/heads/main/fiammacatering_photo_GR82.jpg;https://raw.githubusercontent.com/cooknation/fiammacatering/refs/heads/main/fiammacatering_card_GR82.pdf;https://raw.githubusercontent.com/cooknation/fiammacatering/refs/heads/main/fiammacatering_catalogue.pdf;https://raw.githubusercontent.com/cooknation/fiammacatering/refs/heads/main/fiammacatering_price.pdf
CKNFMCGR82L;GR82L;FIAMMA CATERING;CONTACT GRILL;DOUBLE CONTACT GRILL ELECTRIC - CAST IRON, SMOOTH LOWER PLATE AND 2 GROOVED UPPER PLATES, POWER 3.6 KW;DOUBLE CONTACT GRILL ELECTRIC - CAST IRON, SMOOTH LOWER PLATE AND 2 GROOVED UPPER PLATES, POWER 3.6 KW;690;mm;430;mm;240;mm;37;Kg;870;;EUR;;instock;;;;;;simple;;working area;550x245 mm;;;;;;;;;;;active;https://raw.githubusercontent.com/cooknation/fiammacatering/refs/heads/main/fiammacatering_video_GR82L.mp4;https://raw.githubusercontent.com/cooknation/fiammacatering/refs/heads/main/fiammacatering_image_GR82L.jpg;https://raw.githubusercontent.com/cooknation/fiammacatering/refs/heads/main/fiammacatering_image_2_GR82L.jpg;https://raw.githubusercontent.com/cooknation/fiammacatering/refs/heads/main/fiammacatering_image_3_GR82L.jpg;https://raw.githubusercontent.com/cooknation/fiammacatering/refs/heads/main/fiammacatering_datasheet_GR82L.pdf;https://raw.githubusercontent.com/cooknation/fiammacatering/refs/heads/main/fiammacatering_manual_GR82L.pdf;https://raw.githubusercontent.com/cooknation/fiammacatering/refs/heads/main/fiammacatering_technicalmanual_GR82L.pdf;https://raw.githubusercontent.com/cooknation/fiammacatering/refs/heads/main/fiammacatering_drawing_GR82L.pdf;https://raw.githubusercontent.com/cooknation/fiammacatering/refs/heads/main/fiammacatering_catalogue_GR82L.pdf;https://raw.githubusercontent.com/cooknation/fiammacatering/refs/heads/main/fiammacatering_photo_GR82L.jpg;https://raw.githubusercontent.com/cooknation/fiammacatering/refs/heads/main/fiammacatering_card_GR82L.pdf;https://raw.githubusercontent.com/cooknation/fiammacatering/refs/heads/main/fiammacatering_catalogue.pdf;https://raw.githubusercontent.com/cooknation/fiammacatering/refs/heads/main/fiammacatering_price.pdf
CKNFMCGR82LTL;GR82LTL;FIAMMA CATERING;CONTACT GRILL;CONTACT GRILL ELECTRIC - CAST IRON, SMOOTH LOWER AND UPPER PLATES, POWER 3.6 KW;CONTACT GRILL ELECTRIC - CAST IRON, SMOOTH LOWER AND UPPER PLATES, POWER 3.6 KW;690;mm;430;mm;240;mm;37;Kg;870;;EUR;;instock;;;;;;simple;;working area;550x245 mm;;;;;;;;;;;active;https://raw.githubusercontent.com/cooknation/fiammacatering/refs/heads/main/fiammacatering_video_GR82LTL.mp4;https://raw.githubusercontent.com/cooknation/fiammacatering/refs/heads/main/fiammacatering_image_GR82LTL.jpg;https://raw.githubusercontent.com/cooknation/fiammacatering/refs/heads/main/fiammacatering_image_2_GR82LTL.jpg;https://raw.githubusercontent.com/cooknation/fiammacatering/refs/heads/main/fiammacatering_image_3_GR82LTL.jpg;https://raw.githubusercontent.com/cooknation/fiammacatering/refs/heads/main/fiammacatering_datasheet_GR82LTL.pdf;https://raw.githubusercontent.com/cooknation/fiammacatering/refs/heads/main/fiammacatering_manual_GR82LTL.pdf;https://raw.githubusercontent.com/cooknation/fiammacatering/refs/heads/main/fiammacatering_technicalmanual_GR82LTL.pdf;https://raw.githubusercontent.com/cooknation/fiammacatering/refs/heads/main/fiammacatering_drawing_GR82LTL.pdf;https://raw.githubusercontent.com/cooknation/fiammacatering/refs/heads/main/fiammacatering_catalogue_GR82LTL.pdf;https://raw.githubusercontent.com/cooknation/fiammacatering/refs/heads/main/fiammacatering_photo_GR82LTL.jpg;https://raw.githubusercontent.com/cooknation/fiammacatering/refs/heads/main/fiammacatering_card_GR82LTL.pdf;https://raw.githubusercontent.com/cooknation/fiammacatering/refs/heads/main/fiammacatering_catalogue.pdf;https://raw.githubusercontent.com/cooknation/fiammacatering/refs/heads/main/fiammacatering_price.pdf
CKNFMCGRM2;GRM2;FIAMMA CATERING;CONTACT GRILL;DOUBLE CONTACT GRILL ELECTRIC - CAST IRON, MIXED LOWER PLATE AND 2 GROOVED UPPER PLATES, POWER 3.6 KW;DOUBLE CONTACT GRILL ELECTRIC - CAST IRON, MIXED LOWER PLATE AND 2 GROOVED UPPER PLATES, POWER 3.6 KW;690;mm;430;mm;240;mm;37;Kg;870;;EUR;;instock;;;;;;simple;;working area;550x245 mm;;;;;;;;;;;active;https://raw.githubusercontent.com/cooknation/fiammacatering/refs/heads/main/fiammacatering_video_GRM2.mp4;https://raw.githubusercontent.com/cooknation/fiammacatering/refs/heads/main/fiammacatering_image_GRM2.jpg;https://raw.githubusercontent.com/cooknation/fiammacatering/refs/heads/main/fiammacatering_image_2_GRM2.jpg;https://raw.githubusercontent.com/cooknation/fiammacatering/refs/heads/main/fiammacatering_image_3_GRM2.jpg;https://raw.githubusercontent.com/cooknation/fiammacatering/refs/heads/main/fiammacatering_datasheet_GRM2.pdf;https://raw.githubusercontent.com/cooknation/fiammacatering/refs/heads/main/fiammacatering_manual_GRM2.pdf;https://raw.githubusercontent.com/cooknation/fiammacatering/refs/heads/main/fiammacatering_technicalmanual_GRM2.pdf;https://raw.githubusercontent.com/cooknation/fiammacatering/refs/heads/main/fiammacatering_drawing_GRM2.pdf;https://raw.githubusercontent.com/cooknation/fiammacatering/refs/heads/main/fiammacatering_catalogue_GRM2.pdf;https://raw.githubusercontent.com/cooknation/fiammacatering/refs/heads/main/fiammacatering_photo_GRM2.jpg;https://raw.githubusercontent.com/cooknation/fiammacatering/refs/heads/main/fiammacatering_card_GRM2.pdf;https://raw.githubusercontent.com/cooknation/fiammacatering/refs/heads/main/fiammacatering_catalogue.pdf;https://raw.githubusercontent.com/cooknation/fiammacatering/refs/heads/main/fiammacatering_price.pdf
CKNFMCGRM2TLC;GRM2TLC;FIAMMA CATERING;CONTACT GRILL;DOUBLE CONTACT GRILL ELECTRIC - CAST IRON, MIXED LOWER PLATE WITH SMOOTH UPPER PLATE, POWER 3.6 KW;DOUBLE CONTACT GRILL ELECTRIC - CAST IRON, MIXED LOWER PLATE WITH SMOOTH UPPER PLATE, POWER 3.6 KW;690;mm;430;mm;240;mm;37;Kg;870;;EUR;;instock;;;;;;simple;;working area;550x245 mm;;;;;;;;;;;active;https://raw.githubusercontent.com/cooknation/fiammacatering/refs/heads/main/fiammacatering_video_GRM2TLC.mp4;https://raw.githubusercontent.com/cooknation/fiammacatering/refs/heads/main/fiammacatering_image_GRM2TLC.jpg;https://raw.githubusercontent.com/cooknation/fiammacatering/refs/heads/main/fiammacatering_image_2_GRM2TLC.jpg;https://raw.githubusercontent.com/cooknation/fiammacatering/refs/heads/main/fiammacatering_image_3_GRM2TLC.jpg;https://raw.githubusercontent.com/cooknation/fiammacatering/refs/heads/main/fiammacatering_datasheet_GRM2TLC.pdf;https://raw.githubusercontent.com/cooknation/fiammacatering/refs/heads/main/fiammacatering_manual_GRM2TLC.pdf;https://raw.githubusercontent.com/cooknation/fiammacatering/refs/heads/main/fiammacatering_technicalmanual_GRM2TLC.pdf;https://raw.githubusercontent.com/cooknation/fiammacatering/refs/heads/main/fiammacatering_drawing_GRM2TLC.pdf;https://raw.githubusercontent.com/cooknation/fiammacatering/refs/heads/main/fiammacatering_catalogue_GRM2TLC.pdf;https://raw.githubusercontent.com/cooknation/fiammacatering/refs/heads/main/fiammacatering_photo_GRM2TLC.jpg;https://raw.githubusercontent.com/cooknation/fiammacatering/refs/heads/main/fiammacatering_card_GRM2TLC.pdf;https://raw.githubusercontent.com/cooknation/fiammacatering/refs/heads/main/fiammacatering_catalogue.pdf;https://raw.githubusercontent.com/cooknation/fiammacatering/refs/heads/main/fiammacatering_price.pdf
CKNFMCGRM1;GRM1;FIAMMA CATERING;CONTACT GRILL;DOUBLE CONTACT GRILL ELECTRIC - CAST IRON, MIXED LOWER PLATE WITH GROOVED UPPER PLATE, POWER 2,9 KW;DOUBLE CONTACT GRILL ELECTRIC - CAST IRON, MIXED LOWER PLATE WITH GROOVED UPPER PLATE, POWER 2,9 KW;690;mm;430;mm;240;mm;30;Kg;680;;EUR;;instock;;;;;;simple;;working area;550x245 mm;;;;;;;;;;;active;https://raw.githubusercontent.com/cooknation/fiammacatering/refs/heads/main/fiammacatering_video_GRM1.mp4;https://raw.githubusercontent.com/cooknation/fiammacatering/refs/heads/main/fiammacatering_image_GRM1.jpg;https://raw.githubusercontent.com/cooknation/fiammacatering/refs/heads/main/fiammacatering_image_2_GRM1.jpg;https://raw.githubusercontent.com/cooknation/fiammacatering/refs/heads/main/fiammacatering_image_3_GRM1.jpg;https://raw.githubusercontent.com/cooknation/fiammacatering/refs/heads/main/fiammacatering_datasheet_GRM1.pdf;https://raw.githubusercontent.com/cooknation/fiammacatering/refs/heads/main/fiammacatering_manual_GRM1.pdf;https://raw.githubusercontent.com/cooknation/fiammacatering/refs/heads/main/fiammacatering_technicalmanual_GRM1.pdf;https://raw.githubusercontent.com/cooknation/fiammacatering/refs/heads/main/fiammacatering_drawing_GRM1.pdf;https://raw.githubusercontent.com/cooknation/fiammacatering/refs/heads/main/fiammacatering_catalogue_GRM1.pdf;https://raw.githubusercontent.com/cooknation/fiammacatering/refs/heads/main/fiammacatering_photo_GRM1.jpg;https://raw.githubusercontent.com/cooknation/fiammacatering/refs/heads/main/fiammacatering_card_GRM1.pdf;https://raw.githubusercontent.com/cooknation/fiammacatering/refs/heads/main/fiammacatering_catalogue.pdf;https://raw.githubusercontent.com/cooknation/fiammacatering/refs/heads/main/fiammacatering_price.pdf
CKNFMCGR81L;GR81L;FIAMMA CATERING;CONTACT GRILL;DOUBLE CONTACT GRILL ELECTRIC - CAST IRON, SMOOTH LOWER PLATE WITH GROOVED UPPER PLATE, POWER 2,9 KW;DOUBLE CONTACT GRILL ELECTRIC - CAST IRON, SMOOTH LOWER PLATE WITH GROOVED UPPER PLATE, POWER 2,9 KW;690;mm;430;mm;240;mm;30;Kg;680;;EUR;;instock;;;;;;simple;;working area;550x245 mm;;;;;;;;;;;active;https://raw.githubusercontent.com/cooknation/fiammacatering/refs/heads/main/fiammacatering_video_GR81L.mp4;https://raw.githubusercontent.com/cooknation/fiammacatering/refs/heads/main/fiammacatering_image_GR81L.jpg;https://raw.githubusercontent.com/cooknation/fiammacatering/refs/heads/main/fiammacatering_image_2_GR81L.jpg;https://raw.githubusercontent.com/cooknation/fiammacatering/refs/heads/main/fiammacatering_image_3_GR81L.jpg;https://raw.githubusercontent.com/cooknation/fiammacatering/refs/heads/main/fiammacatering_datasheet_GR81L.pdf;https://raw.githubusercontent.com/cooknation/fiammacatering/refs/heads/main/fiammacatering_manual_GR81L.pdf;https://raw.githubusercontent.com/cooknation/fiammacatering/refs/heads/main/fiammacatering_technicalmanual_GR81L.pdf;https://raw.githubusercontent.com/cooknation/fiammacatering/refs/heads/main/fiammacatering_drawing_GR81L.pdf;https://raw.githubusercontent.com/cooknation/fiammacatering/refs/heads/main/fiammacatering_catalogue_GR81L.pdf;https://raw.githubusercontent.com/cooknation/fiammacatering/refs/heads/main/fiammacatering_photo_GR81L.jpg;https://raw.githubusercontent.com/cooknation/fiammacatering/refs/heads/main/fiammacatering_card_GR81L.pdf;https://raw.githubusercontent.com/cooknation/fiammacatering/refs/heads/main/fiammacatering_catalogue.pdf;https://raw.githubusercontent.com/cooknation/fiammacatering/refs/heads/main/fiammacatering_price.pdf
CKNFMCGR8;GR8;FIAMMA CATERING;CONTACT GRILL;DOUBLE CONTACT GRILL ELECTRIC - CAST IRON, GROOVED LOWER PLATE, TYPE FRY TOP, POWER 2.1 KW;DOUBLE CONTACT GRILL ELECTRIC - CAST IRON, GROOVED LOWER PLATE, TYPE FRY TOP, POWER 2.1 KW;690;mm;370;mm;190;mm;24;Kg;510;;EUR;;instock;;;;;;simple;;working area;550x245 mm;;;;;;;;;;;active;https://raw.githubusercontent.com/cooknation/fiammacatering/refs/heads/main/fiammacatering_video_GR8.mp4;https://raw.githubusercontent.com/cooknation/fiammacatering/refs/heads/main/fiammacatering_image_GR8.jpg;https://raw.githubusercontent.com/cooknation/fiammacatering/refs/heads/main/fiammacatering_image_2_GR8.jpg;https://raw.githubusercontent.com/cooknation/fiammacatering/refs/heads/main/fiammacatering_image_3_GR8.jpg;https://raw.githubusercontent.com/cooknation/fiammacatering/refs/heads/main/fiammacatering_datasheet_GR8.pdf;https://raw.githubusercontent.com/cooknation/fiammacatering/refs/heads/main/fiammacatering_manual_GR8.pdf;https://raw.githubusercontent.com/cooknation/fiammacatering/refs/heads/main/fiammacatering_technicalmanual_GR8.pdf;https://raw.githubusercontent.com/cooknation/fiammacatering/refs/heads/main/fiammacatering_drawing_GR8.pdf;https://raw.githubusercontent.com/cooknation/fiammacatering/refs/heads/main/fiammacatering_catalogue_GR8.pdf;https://raw.githubusercontent.com/cooknation/fiammacatering/refs/heads/main/fiammacatering_photo_GR8.jpg;https://raw.githubusercontent.com/cooknation/fiammacatering/refs/heads/main/fiammacatering_card_GR8.pdf;https://raw.githubusercontent.com/cooknation/fiammacatering/refs/heads/main/fiammacatering_catalogue.pdf;https://raw.githubusercontent.com/cooknation/fiammacatering/refs/heads/main/fiammacatering_price.pdf
CKNFMCGR8L;GR8L;FIAMMA CATERING;CONTACT GRILL;DOUBLE CONTACT GRILL ELECTRIC - CAST IRON, SMOOTH LOWER PLATE, TYPE FRY TOP POWER 2.1 KW;DOUBLE CONTACT GRILL ELECTRIC - CAST IRON, SMOOTH LOWER PLATE, TYPE FRY TOP POWER 2.1 KW;690;mm;370;mm;190;mm;24;Kg;510;;EUR;;instock;;;;;;simple;;working area;550x245 mm;;;;;;;;;;;active;https://raw.githubusercontent.com/cooknation/fiammacatering/refs/heads/main/fiammacatering_video_GR8L.mp4;https://raw.githubusercontent.com/cooknation/fiammacatering/refs/heads/main/fiammacatering_image_GR8L.jpg;https://raw.githubusercontent.com/cooknation/fiammacatering/refs/heads/main/fiammacatering_image_2_GR8L.jpg;https://raw.githubusercontent.com/cooknation/fiammacatering/refs/heads/main/fiammacatering_image_3_GR8L.jpg;https://raw.githubusercontent.com/cooknation/fiammacatering/refs/heads/main/fiammacatering_datasheet_GR8L.pdf;https://raw.githubusercontent.com/cooknation/fiammacatering/refs/heads/main/fiammacatering_manual_GR8L.pdf;https://raw.githubusercontent.com/cooknation/fiammacatering/refs/heads/main/fiammacatering_technicalmanual_GR8L.pdf;https://raw.githubusercontent.com/cooknation/fiammacatering/refs/heads/main/fiammacatering_drawing_GR8L.pdf;https://raw.githubusercontent.com/cooknation/fiammacatering/refs/heads/main/fiammacatering_catalogue_GR8L.pdf;https://raw.githubusercontent.com/cooknation/fiammacatering/refs/heads/main/fiammacatering_photo_GR8L.jpg;https://raw.githubusercontent.com/cooknation/fiammacatering/refs/heads/main/fiammacatering_card_GR8L.pdf;https://raw.githubusercontent.com/cooknation/fiammacatering/refs/heads/main/fiammacatering_catalogue.pdf;https://raw.githubusercontent.com/cooknation/fiammacatering/refs/heads/main/fiammacatering_price.pdf
CKNFMCGRM;GRM;FIAMMA CATERING;CONTACT GRILL;DOUBLE CONTACT GRILL ELECTRIC - CAST IRON, MIXED LOWER PLATE, TYPE TRY TOP POWER 2.1 KW;DOUBLE CONTACT GRILL ELECTRIC - CAST IRON, MIXED LOWER PLATE, TYPE TRY TOP POWER 2.1 KW;690;mm;370;mm;190;mm;24;Kg;510;;EUR;;instock;;;;;;simple;;working area;550x245 mm;;;;;;;;;;;active;https://raw.githubusercontent.com/cooknation/fiammacatering/refs/heads/main/fiammacatering_video_GRM.mp4;https://raw.githubusercontent.com/cooknation/fiammacatering/refs/heads/main/fiammacatering_image_GRM.jpg;https://raw.githubusercontent.com/cooknation/fiammacatering/refs/heads/main/fiammacatering_image_2_GRM.jpg;https://raw.githubusercontent.com/cooknation/fiammacatering/refs/heads/main/fiammacatering_image_3_GRM.jpg;https://raw.githubusercontent.com/cooknation/fiammacatering/refs/heads/main/fiammacatering_datasheet_GRM.pdf;https://raw.githubusercontent.com/cooknation/fiammacatering/refs/heads/main/fiammacatering_manual_GRM.pdf;https://raw.githubusercontent.com/cooknation/fiammacatering/refs/heads/main/fiammacatering_technicalmanual_GRM.pdf;https://raw.githubusercontent.com/cooknation/fiammacatering/refs/heads/main/fiammacatering_drawing_GRM.pdf;https://raw.githubusercontent.com/cooknation/fiammacatering/refs/heads/main/fiammacatering_catalogue_GRM.pdf;https://raw.githubusercontent.com/cooknation/fiammacatering/refs/heads/main/fiammacatering_photo_GRM.jpg;https://raw.githubusercontent.com/cooknation/fiammacatering/refs/heads/main/fiammacatering_card_GRM.pdf;https://raw.githubusercontent.com/cooknation/fiammacatering/refs/heads/main/fiammacatering_catalogue.pdf;https://raw.githubusercontent.com/cooknation/fiammacatering/refs/heads/main/fiammacatering_price.pdf
CKNFMCGGP64V21;GGP64V21;FIAMMA CATERING;GAS GRIDDLE;GAS GRIDDLE PLATE POLISHED STEEL, POWER 3.1 KW;GAS GRIDDLE PLATE POLISHED STEEL, POWER 3.1 KW;420;mm;510;mm;260;mm;16.5;Kg;450;;EUR;;instock;;;;;;simple;;type of plate;Polished steel;;;;;;;;;;;active;https://raw.githubusercontent.com/cooknation/fiammacatering/refs/heads/main/fiammacatering_video_GGP64V21.mp4;https://raw.githubusercontent.com/cooknation/fiammacatering/refs/heads/main/fiammacatering_image_GGP64V21.jpg;https://raw.githubusercontent.com/cooknation/fiammacatering/refs/heads/main/fiammacatering_image_2_GGP64V21.jpg;https://raw.githubusercontent.com/cooknation/fiammacatering/refs/heads/main/fiammacatering_image_3_GGP64V21.jpg;https://raw.githubusercontent.com/cooknation/fiammacatering/refs/heads/main/fiammacatering_datasheet_GGP64V21.pdf;https://raw.githubusercontent.com/cooknation/fiammacatering/refs/heads/main/fiammacatering_manual_GGP64V21.pdf;https://raw.githubusercontent.com/cooknation/fiammacatering/refs/heads/main/fiammacatering_technicalmanual_GGP64V21.pdf;https://raw.githubusercontent.com/cooknation/fiammacatering/refs/heads/main/fiammacatering_drawing_GGP64V21.pdf;https://raw.githubusercontent.com/cooknation/fiammacatering/refs/heads/main/fiammacatering_catalogue_GGP64V21.pdf;https://raw.githubusercontent.com/cooknation/fiammacatering/refs/heads/main/fiammacatering_photo_GGP64V21.jpg;https://raw.githubusercontent.com/cooknation/fiammacatering/refs/heads/main/fiammacatering_card_GGP64V21.pdf;https://raw.githubusercontent.com/cooknation/fiammacatering/refs/heads/main/fiammacatering_catalogue.pdf;https://raw.githubusercontent.com/cooknation/fiammacatering/refs/heads/main/fiammacatering_price.pdf
CKNFMCGGP66V21;GGP66V21;FIAMMA CATERING;GAS GRIDDLE;GAS GRIDDLE PLATE POLISHED STEEL, POWER 5.5 KW;GAS GRIDDLE PLATE POLISHED STEEL, POWER 5.5 KW;620;mm;510;mm;260;mm;22.5;Kg;600;;EUR;;instock;;;;;;simple;;type of plate;Polished steel;;;;;;;;;;;active;https://raw.githubusercontent.com/cooknation/fiammacatering/refs/heads/main/fiammacatering_video_GGP66V21.mp4;https://raw.githubusercontent.com/cooknation/fiammacatering/refs/heads/main/fiammacatering_image_GGP66V21.jpg;https://raw.githubusercontent.com/cooknation/fiammacatering/refs/heads/main/fiammacatering_image_2_GGP66V21.jpg;https://raw.githubusercontent.com/cooknation/fiammacatering/refs/heads/main/fiammacatering_image_3_GGP66V21.jpg;https://raw.githubusercontent.com/cooknation/fiammacatering/refs/heads/main/fiammacatering_datasheet_GGP66V21.pdf;https://raw.githubusercontent.com/cooknation/fiammacatering/refs/heads/main/fiammacatering_manual_GGP66V21.pdf;https://raw.githubusercontent.com/cooknation/fiammacatering/refs/heads/main/fiammacatering_technicalmanual_GGP66V21.pdf;https://raw.githubusercontent.com/cooknation/fiammacatering/refs/heads/main/fiammacatering_drawing_GGP66V21.pdf;https://raw.githubusercontent.com/cooknation/fiammacatering/refs/heads/main/fiammacatering_catalogue_GGP66V21.pdf;https://raw.githubusercontent.com/cooknation/fiammacatering/refs/heads/main/fiammacatering_photo_GGP66V21.jpg;https://raw.githubusercontent.com/cooknation/fiammacatering/refs/heads/main/fiammacatering_card_GGP66V21.pdf;https://raw.githubusercontent.com/cooknation/fiammacatering/refs/heads/main/fiammacatering_catalogue.pdf;https://raw.githubusercontent.com/cooknation/fiammacatering/refs/heads/main/fiammacatering_price.pdf
CKNFMCGGP68V21;GGP68V21;FIAMMA CATERING;GAS GRIDDLE;GAS GRIDDLE PLATE POLISHED STEEL, POWER 8.25 KW;GAS GRIDDLE PLATE POLISHED STEEL, POWER 8.25 KW;820;mm;510;mm;260;mm;29;Kg;750;;EUR;;instock;;;;;;simple;;type of plate;Polished steel;;;;;;;;;;;active;https://raw.githubusercontent.com/cooknation/fiammacatering/refs/heads/main/fiammacatering_video_GGP68V21.mp4;https://raw.githubusercontent.com/cooknation/fiammacatering/refs/heads/main/fiammacatering_image_GGP68V21.jpg;https://raw.githubusercontent.com/cooknation/fiammacatering/refs/heads/main/fiammacatering_image_2_GGP68V21.jpg;https://raw.githubusercontent.com/cooknation/fiammacatering/refs/heads/main/fiammacatering_image_3_GGP68V21.jpg;https://raw.githubusercontent.com/cooknation/fiammacatering/refs/heads/main/fiammacatering_datasheet_GGP68V21.pdf;https://raw.githubusercontent.com/cooknation/fiammacatering/refs/heads/main/fiammacatering_manual_GGP68V21.pdf;https://raw.githubusercontent.com/cooknation/fiammacatering/refs/heads/main/fiammacatering_technicalmanual_GGP68V21.pdf;https://raw.githubusercontent.com/cooknation/fiammacatering/refs/heads/main/fiammacatering_drawing_GGP68V21.pdf;https://raw.githubusercontent.com/cooknation/fiammacatering/refs/heads/main/fiammacatering_catalogue_GGP68V21.pdf;https://raw.githubusercontent.com/cooknation/fiammacatering/refs/heads/main/fiammacatering_photo_GGP68V21.jpg;https://raw.githubusercontent.com/cooknation/fiammacatering/refs/heads/main/fiammacatering_card_GGP68V21.pdf;https://raw.githubusercontent.com/cooknation/fiammacatering/refs/heads/main/fiammacatering_catalogue.pdf;https://raw.githubusercontent.com/cooknation/fiammacatering/refs/heads/main/fiammacatering_price.pdf
CKNFMCGGP610V21;GGP610V21;FIAMMA CATERING;GAS GRIDDLE;GAS GRIDDLE PLATE POLISHED STEEL, POWER 9.3 KW;GAS GRIDDLE PLATE POLISHED STEEL, POWER 9.3 KW;1020;mm;510;mm;260;mm;35;Kg;855;;EUR;;instock;;;;;;simple;;type of plate;Polished steel;;;;;;;;;;;active;https://raw.githubusercontent.com/cooknation/fiammacatering/refs/heads/main/fiammacatering_video_GGP610V21.mp4;https://raw.githubusercontent.com/cooknation/fiammacatering/refs/heads/main/fiammacatering_image_GGP610V21.jpg;https://raw.githubusercontent.com/cooknation/fiammacatering/refs/heads/main/fiammacatering_image_2_GGP610V21.jpg;https://raw.githubusercontent.com/cooknation/fiammacatering/refs/heads/main/fiammacatering_image_3_GGP610V21.jpg;https://raw.githubusercontent.com/cooknation/fiammacatering/refs/heads/main/fiammacatering_datasheet_GGP610V21.pdf;https://raw.githubusercontent.com/cooknation/fiammacatering/refs/heads/main/fiammacatering_manual_GGP610V21.pdf;https://raw.githubusercontent.com/cooknation/fiammacatering/refs/heads/main/fiammacatering_technicalmanual_GGP610V21.pdf;https://raw.githubusercontent.com/cooknation/fiammacatering/refs/heads/main/fiammacatering_drawing_GGP610V21.pdf;https://raw.githubusercontent.com/cooknation/fiammacatering/refs/heads/main/fiammacatering_catalogue_GGP610V21.pdf;https://raw.githubusercontent.com/cooknation/fiammacatering/refs/heads/main/fiammacatering_photo_GGP610V21.jpg;https://raw.githubusercontent.com/cooknation/fiammacatering/refs/heads/main/fiammacatering_card_GGP610V21.pdf;https://raw.githubusercontent.com/cooknation/fiammacatering/refs/heads/main/fiammacatering_catalogue.pdf;https://raw.githubusercontent.com/cooknation/fiammacatering/refs/heads/main/fiammacatering_price.pdf
CKNFMCGGP156V21;GGP156V21;FIAMMA CATERING;GAS GRIDDLE;GAS GRIDDLE PLATE POLISHED STEEL, POWER 6.2 KW;GAS GRIDDLE PLATE POLISHED STEEL, POWER 6.2 KW;620;mm;510;mm;330;mm;36;Kg;920;;EUR;;instock;;;;;;simple;;type of plate;Polished steel;;;;;;;;;;;active;https://raw.githubusercontent.com/cooknation/fiammacatering/refs/heads/main/fiammacatering_video_GGP156V21.mp4;https://raw.githubusercontent.com/cooknation/fiammacatering/refs/heads/main/fiammacatering_image_GGP156V21.jpg;https://raw.githubusercontent.com/cooknation/fiammacatering/refs/heads/main/fiammacatering_image_2_GGP156V21.jpg;https://raw.githubusercontent.com/cooknation/fiammacatering/refs/heads/main/fiammacatering_image_3_GGP156V21.jpg;https://raw.githubusercontent.com/cooknation/fiammacatering/refs/heads/main/fiammacatering_datasheet_GGP156V21.pdf;https://raw.githubusercontent.com/cooknation/fiammacatering/refs/heads/main/fiammacatering_manual_GGP156V21.pdf;https://raw.githubusercontent.com/cooknation/fiammacatering/refs/heads/main/fiammacatering_technicalmanual_GGP156V21.pdf;https://raw.githubusercontent.com/cooknation/fiammacatering/refs/heads/main/fiammacatering_drawing_GGP156V21.pdf;https://raw.githubusercontent.com/cooknation/fiammacatering/refs/heads/main/fiammacatering_catalogue_GGP156V21.pdf;https://raw.githubusercontent.com/cooknation/fiammacatering/refs/heads/main/fiammacatering_photo_GGP156V21.jpg;https://raw.githubusercontent.com/cooknation/fiammacatering/refs/heads/main/fiammacatering_card_GGP156V21.pdf;https://raw.githubusercontent.com/cooknation/fiammacatering/refs/heads/main/fiammacatering_catalogue.pdf;https://raw.githubusercontent.com/cooknation/fiammacatering/refs/heads/main/fiammacatering_price.pdf
CKNFMCGGP156CV21;GGP156CV21;FIAMMA CATERING;GAS GRIDDLE;GAS GRIDDLE PLATE HARD CHROME, POWER 9.3 KW;GAS GRIDDLE PLATE HARD CHROME, POWER 9.3 KW;620;mm;510;mm;330;mm;36;Kg;1380;;EUR;;instock;;;;;;simple;;type of plate;Hard chrome;;;;;;;;;;;active;https://raw.githubusercontent.com/cooknation/fiammacatering/refs/heads/main/fiammacatering_video_GGP156CV21.mp4;https://raw.githubusercontent.com/cooknation/fiammacatering/refs/heads/main/fiammacatering_image_GGP156CV21.jpg;https://raw.githubusercontent.com/cooknation/fiammacatering/refs/heads/main/fiammacatering_image_2_GGP156CV21.jpg;https://raw.githubusercontent.com/cooknation/fiammacatering/refs/heads/main/fiammacatering_image_3_GGP156CV21.jpg;https://raw.githubusercontent.com/cooknation/fiammacatering/refs/heads/main/fiammacatering_datasheet_GGP156CV21.pdf;https://raw.githubusercontent.com/cooknation/fiammacatering/refs/heads/main/fiammacatering_manual_GGP156CV21.pdf;https://raw.githubusercontent.com/cooknation/fiammacatering/refs/heads/main/fiammacatering_technicalmanual_GGP156CV21.pdf;https://raw.githubusercontent.com/cooknation/fiammacatering/refs/heads/main/fiammacatering_drawing_GGP156CV21.pdf;https://raw.githubusercontent.com/cooknation/fiammacatering/refs/heads/main/fiammacatering_catalogue_GGP156CV21.pdf;https://raw.githubusercontent.com/cooknation/fiammacatering/refs/heads/main/fiammacatering_photo_GGP156CV21.jpg;https://raw.githubusercontent.com/cooknation/fiammacatering/refs/heads/main/fiammacatering_card_GGP156CV21.pdf;https://raw.githubusercontent.com/cooknation/fiammacatering/refs/heads/main/fiammacatering_catalogue.pdf;https://raw.githubusercontent.com/cooknation/fiammacatering/refs/heads/main/fiammacatering_price.pdf
CKNFMCGGP158V21;GGP158V21;FIAMMA CATERING;GAS GRIDDLE;GAS GRIDDLE PLATE POLISHED STEEL, POWER 9.3 KW;GAS GRIDDLE PLATE POLISHED STEEL, POWER 9.3 KW;820;mm;510;mm;330;mm;46.5;Kg;1120;;EUR;;instock;;;;;;simple;;type of plate;Polished steel;;;;;;;;;;;active;https://raw.githubusercontent.com/cooknation/fiammacatering/refs/heads/main/fiammacatering_video_GGP158V21.mp4;https://raw.githubusercontent.com/cooknation/fiammacatering/refs/heads/main/fiammacatering_image_GGP158V21.jpg;https://raw.githubusercontent.com/cooknation/fiammacatering/refs/heads/main/fiammacatering_image_2_GGP158V21.jpg;https://raw.githubusercontent.com/cooknation/fiammacatering/refs/heads/main/fiammacatering_image_3_GGP158V21.jpg;https://raw.githubusercontent.com/cooknation/fiammacatering/refs/heads/main/fiammacatering_datasheet_GGP158V21.pdf;https://raw.githubusercontent.com/cooknation/fiammacatering/refs/heads/main/fiammacatering_manual_GGP158V21.pdf;https://raw.githubusercontent.com/cooknation/fiammacatering/refs/heads/main/fiammacatering_technicalmanual_GGP158V21.pdf;https://raw.githubusercontent.com/cooknation/fiammacatering/refs/heads/main/fiammacatering_drawing_GGP158V21.pdf;https://raw.githubusercontent.com/cooknation/fiammacatering/refs/heads/main/fiammacatering_catalogue_GGP158V21.pdf;https://raw.githubusercontent.com/cooknation/fiammacatering/refs/heads/main/fiammacatering_photo_GGP158V21.jpg;https://raw.githubusercontent.com/cooknation/fiammacatering/refs/heads/main/fiammacatering_card_GGP158V21.pdf;https://raw.githubusercontent.com/cooknation/fiammacatering/refs/heads/main/fiammacatering_catalogue.pdf;https://raw.githubusercontent.com/cooknation/fiammacatering/refs/heads/main/fiammacatering_price.pdf
CKNFMCGGP158CV21;GGP158CV21;FIAMMA CATERING;GAS GRIDDLE;GAS GRIDDLE PLATE HARD CHROME, POWER 9.3 KW;GAS GRIDDLE PLATE HARD CHROME, POWER 9.3 KW;820;mm;510;mm;330;mm;46.5;Kg;1725;;EUR;;instock;;;;;;simple;;type of plate;Hard chrome;;;;;;;;;;;active;https://raw.githubusercontent.com/cooknation/fiammacatering/refs/heads/main/fiammacatering_video_GGP158CV21.mp4;https://raw.githubusercontent.com/cooknation/fiammacatering/refs/heads/main/fiammacatering_image_GGP158CV21.jpg;https://raw.githubusercontent.com/cooknation/fiammacatering/refs/heads/main/fiammacatering_image_2_GGP158CV21.jpg;https://raw.githubusercontent.com/cooknation/fiammacatering/refs/heads/main/fiammacatering_image_3_GGP158CV21.jpg;https://raw.githubusercontent.com/cooknation/fiammacatering/refs/heads/main/fiammacatering_datasheet_GGP158CV21.pdf;https://raw.githubusercontent.com/cooknation/fiammacatering/refs/heads/main/fiammacatering_manual_GGP158CV21.pdf;https://raw.githubusercontent.com/cooknation/fiammacatering/refs/heads/main/fiammacatering_technicalmanual_GGP158CV21.pdf;https://raw.githubusercontent.com/cooknation/fiammacatering/refs/heads/main/fiammacatering_drawing_GGP158CV21.pdf;https://raw.githubusercontent.com/cooknation/fiammacatering/refs/heads/main/fiammacatering_catalogue_GGP158CV21.pdf;https://raw.githubusercontent.com/cooknation/fiammacatering/refs/heads/main/fiammacatering_photo_GGP158CV21.jpg;https://raw.githubusercontent.com/cooknation/fiammacatering/refs/heads/main/fiammacatering_card_GGP158CV21.pdf;https://raw.githubusercontent.com/cooknation/fiammacatering/refs/heads/main/fiammacatering_catalogue.pdf;https://raw.githubusercontent.com/cooknation/fiammacatering/refs/heads/main/fiammacatering_price.pdf
CKNFMCGGP1510V21;GGP1510V21;FIAMMA CATERING;GAS GRIDDLE;GAS GRIDDLE PLATE POLISHED STEEL, POWER 9.3 KW;GAS GRIDDLE PLATE POLISHED STEEL, POWER 9.3 KW;1020;mm;510;mm;330;mm;58.5;Kg;1430;;EUR;;instock;;;;;;simple;;type of plate;Polished steel;;;;;;;;;;;active;https://raw.githubusercontent.com/cooknation/fiammacatering/refs/heads/main/fiammacatering_video_GGP1510V21.mp4;https://raw.githubusercontent.com/cooknation/fiammacatering/refs/heads/main/fiammacatering_image_GGP1510V21.jpg;https://raw.githubusercontent.com/cooknation/fiammacatering/refs/heads/main/fiammacatering_image_2_GGP1510V21.jpg;https://raw.githubusercontent.com/cooknation/fiammacatering/refs/heads/main/fiammacatering_image_3_GGP1510V21.jpg;https://raw.githubusercontent.com/cooknation/fiammacatering/refs/heads/main/fiammacatering_datasheet_GGP1510V21.pdf;https://raw.githubusercontent.com/cooknation/fiammacatering/refs/heads/main/fiammacatering_manual_GGP1510V21.pdf;https://raw.githubusercontent.com/cooknation/fiammacatering/refs/heads/main/fiammacatering_technicalmanual_GGP1510V21.pdf;https://raw.githubusercontent.com/cooknation/fiammacatering/refs/heads/main/fiammacatering_drawing_GGP1510V21.pdf;https://raw.githubusercontent.com/cooknation/fiammacatering/refs/heads/main/fiammacatering_catalogue_GGP1510V21.pdf;https://raw.githubusercontent.com/cooknation/fiammacatering/refs/heads/main/fiammacatering_photo_GGP1510V21.jpg;https://raw.githubusercontent.com/cooknation/fiammacatering/refs/heads/main/fiammacatering_card_GGP1510V21.pdf;https://raw.githubusercontent.com/cooknation/fiammacatering/refs/heads/main/fiammacatering_catalogue.pdf;https://raw.githubusercontent.com/cooknation/fiammacatering/refs/heads/main/fiammacatering_price.pdf
CKNFMCGGP1510CV21;GGP1510CV21;FIAMMA CATERING;GAS GRIDDLE;GAS GRIDDLE PLATE HARD CHROME, POWER 9.3 KW;GAS GRIDDLE PLATE HARD CHROME, POWER 9.3 KW;1020;mm;510;mm;330;mm;58.5;Kg;1895;;EUR;;instock;;;;;;simple;;type of plate;Hard chrome;;;;;;;;;;;active;https://raw.githubusercontent.com/cooknation/fiammacatering/refs/heads/main/fiammacatering_video_GGP1510CV21.mp4;https://raw.githubusercontent.com/cooknation/fiammacatering/refs/heads/main/fiammacatering_image_GGP1510CV21.jpg;https://raw.githubusercontent.com/cooknation/fiammacatering/refs/heads/main/fiammacatering_image_2_GGP1510CV21.jpg;https://raw.githubusercontent.com/cooknation/fiammacatering/refs/heads/main/fiammacatering_image_3_GGP1510CV21.jpg;https://raw.githubusercontent.com/cooknation/fiammacatering/refs/heads/main/fiammacatering_datasheet_GGP1510CV21.pdf;https://raw.githubusercontent.com/cooknation/fiammacatering/refs/heads/main/fiammacatering_manual_GGP1510CV21.pdf;https://raw.githubusercontent.com/cooknation/fiammacatering/refs/heads/main/fiammacatering_technicalmanual_GGP1510CV21.pdf;https://raw.githubusercontent.com/cooknation/fiammacatering/refs/heads/main/fiammacatering_drawing_GGP1510CV21.pdf;https://raw.githubusercontent.com/cooknation/fiammacatering/refs/heads/main/fiammacatering_catalogue_GGP1510CV21.pdf;https://raw.githubusercontent.com/cooknation/fiammacatering/refs/heads/main/fiammacatering_photo_GGP1510CV21.jpg;https://raw.githubusercontent.com/cooknation/fiammacatering/refs/heads/main/fiammacatering_card_GGP1510CV21.pdf;https://raw.githubusercontent.com/cooknation/fiammacatering/refs/heads/main/fiammacatering_catalogue.pdf;https://raw.githubusercontent.com/cooknation/fiammacatering/refs/heads/main/fiammacatering_price.pdf
CKNFMCGGP64FV21;GGP64FV21;FIAMMA CATERING;GAS GRIDDLE;GAS GRIDDLE PLATE POLISHED STEEL, POWER 6.3 KW;GAS GRIDDLE PLATE POLISHED STEEL, POWER 6.3 KW;820;mm;510;mm;235;mm;22.5;Kg;770;;EUR;;instock;;;;;;simple;;type of plate;Polished steel;;;;;;;;;;;active;https://raw.githubusercontent.com/cooknation/fiammacatering/refs/heads/main/fiammacatering_video_GGP64FV21.mp4;https://raw.githubusercontent.com/cooknation/fiammacatering/refs/heads/main/fiammacatering_image_GGP64FV21.jpg;https://raw.githubusercontent.com/cooknation/fiammacatering/refs/heads/main/fiammacatering_image_2_GGP64FV21.jpg;https://raw.githubusercontent.com/cooknation/fiammacatering/refs/heads/main/fiammacatering_image_3_GGP64FV21.jpg;https://raw.githubusercontent.com/cooknation/fiammacatering/refs/heads/main/fiammacatering_datasheet_GGP64FV21.pdf;https://raw.githubusercontent.com/cooknation/fiammacatering/refs/heads/main/fiammacatering_manual_GGP64FV21.pdf;https://raw.githubusercontent.com/cooknation/fiammacatering/refs/heads/main/fiammacatering_technicalmanual_GGP64FV21.pdf;https://raw.githubusercontent.com/cooknation/fiammacatering/refs/heads/main/fiammacatering_drawing_GGP64FV21.pdf;https://raw.githubusercontent.com/cooknation/fiammacatering/refs/heads/main/fiammacatering_catalogue_GGP64FV21.pdf;https://raw.githubusercontent.com/cooknation/fiammacatering/refs/heads/main/fiammacatering_photo_GGP64FV21.jpg;https://raw.githubusercontent.com/cooknation/fiammacatering/refs/heads/main/fiammacatering_card_GGP64FV21.pdf;https://raw.githubusercontent.com/cooknation/fiammacatering/refs/heads/main/fiammacatering_catalogue.pdf;https://raw.githubusercontent.com/cooknation/fiammacatering/refs/heads/main/fiammacatering_price.pdf
CKNFMCGGP66FV21;GGP66FV21;FIAMMA CATERING;GAS GRIDDLE;GAS GRIDDLE PLATE POLISHED STEEL, POWER 8.7 KW;GAS GRIDDLE PLATE POLISHED STEEL, POWER 8.7 KW;1020;mm;510;mm;235;mm;28.5;Kg;930;;EUR;;instock;;;;;;simple;;type of plate;Polished steel;;;;;;;;;;;active;https://raw.githubusercontent.com/cooknation/fiammacatering/refs/heads/main/fiammacatering_video_GGP66FV21.mp4;https://raw.githubusercontent.com/cooknation/fiammacatering/refs/heads/main/fiammacatering_image_GGP66FV21.jpg;https://raw.githubusercontent.com/cooknation/fiammacatering/refs/heads/main/fiammacatering_image_2_GGP66FV21.jpg;https://raw.githubusercontent.com/cooknation/fiammacatering/refs/heads/main/fiammacatering_image_3_GGP66FV21.jpg;https://raw.githubusercontent.com/cooknation/fiammacatering/refs/heads/main/fiammacatering_datasheet_GGP66FV21.pdf;https://raw.githubusercontent.com/cooknation/fiammacatering/refs/heads/main/fiammacatering_manual_GGP66FV21.pdf;https://raw.githubusercontent.com/cooknation/fiammacatering/refs/heads/main/fiammacatering_technicalmanual_GGP66FV21.pdf;https://raw.githubusercontent.com/cooknation/fiammacatering/refs/heads/main/fiammacatering_drawing_GGP66FV21.pdf;https://raw.githubusercontent.com/cooknation/fiammacatering/refs/heads/main/fiammacatering_catalogue_GGP66FV21.pdf;https://raw.githubusercontent.com/cooknation/fiammacatering/refs/heads/main/fiammacatering_photo_GGP66FV21.jpg;https://raw.githubusercontent.com/cooknation/fiammacatering/refs/heads/main/fiammacatering_card_GGP66FV21.pdf;https://raw.githubusercontent.com/cooknation/fiammacatering/refs/heads/main/fiammacatering_catalogue.pdf;https://raw.githubusercontent.com/cooknation/fiammacatering/refs/heads/main/fiammacatering_price.pdf
CKNFMCGGP68FV21;GGP68FV21;FIAMMA CATERING;GAS GRIDDLE;GAS GRIDDLE PLATE POLISHED STEEL, POWER 11.45 KW;GAS GRIDDLE PLATE POLISHED STEEL, POWER 11.45 KW;1220;mm;510;mm;235;mm;41;Kg;1015;;EUR;;instock;;;;;;simple;;type of plate;Polished steel;;;;;;;;;;;active;https://raw.githubusercontent.com/cooknation/fiammacatering/refs/heads/main/fiammacatering_video_GGP68FV21.mp4;https://raw.githubusercontent.com/cooknation/fiammacatering/refs/heads/main/fiammacatering_image_GGP68FV21.jpg;https://raw.githubusercontent.com/cooknation/fiammacatering/refs/heads/main/fiammacatering_image_2_GGP68FV21.jpg;https://raw.githubusercontent.com/cooknation/fiammacatering/refs/heads/main/fiammacatering_image_3_GGP68FV21.jpg;https://raw.githubusercontent.com/cooknation/fiammacatering/refs/heads/main/fiammacatering_datasheet_GGP68FV21.pdf;https://raw.githubusercontent.com/cooknation/fiammacatering/refs/heads/main/fiammacatering_manual_GGP68FV21.pdf;https://raw.githubusercontent.com/cooknation/fiammacatering/refs/heads/main/fiammacatering_technicalmanual_GGP68FV21.pdf;https://raw.githubusercontent.com/cooknation/fiammacatering/refs/heads/main/fiammacatering_drawing_GGP68FV21.pdf;https://raw.githubusercontent.com/cooknation/fiammacatering/refs/heads/main/fiammacatering_catalogue_GGP68FV21.pdf;https://raw.githubusercontent.com/cooknation/fiammacatering/refs/heads/main/fiammacatering_photo_GGP68FV21.jpg;https://raw.githubusercontent.com/cooknation/fiammacatering/refs/heads/main/fiammacatering_card_GGP68FV21.pdf;https://raw.githubusercontent.com/cooknation/fiammacatering/refs/heads/main/fiammacatering_catalogue.pdf;https://raw.githubusercontent.com/cooknation/fiammacatering/refs/heads/main/fiammacatering_price.pdf
CKNFMCEGP156V21;EGP156V21;FIAMMA CATERING;ELECTRIC GRIDDLE;ELECTRIC GRIDDLE PLATE POLISHED STEEL, POWER 4 KW;ELECTRIC GRIDDLE PLATE POLISHED STEEL, POWER 4 KW;608;mm;530;mm;330;mm;42;Kg;920;;EUR;;instock;;;;;;simple;;type of plate;Polished steel;;;;;;;;;;;active;https://raw.githubusercontent.com/cooknation/fiammacatering/refs/heads/main/fiammacatering_video_EGP156V21.mp4;https://raw.githubusercontent.com/cooknation/fiammacatering/refs/heads/main/fiammacatering_image_EGP156V21.jpg;https://raw.githubusercontent.com/cooknation/fiammacatering/refs/heads/main/fiammacatering_image_2_EGP156V21.jpg;https://raw.githubusercontent.com/cooknation/fiammacatering/refs/heads/main/fiammacatering_image_3_EGP156V21.jpg;https://raw.githubusercontent.com/cooknation/fiammacatering/refs/heads/main/fiammacatering_datasheet_EGP156V21.pdf;https://raw.githubusercontent.com/cooknation/fiammacatering/refs/heads/main/fiammacatering_manual_EGP156V21.pdf;https://raw.githubusercontent.com/cooknation/fiammacatering/refs/heads/main/fiammacatering_technicalmanual_EGP156V21.pdf;https://raw.githubusercontent.com/cooknation/fiammacatering/refs/heads/main/fiammacatering_drawing_EGP156V21.pdf;https://raw.githubusercontent.com/cooknation/fiammacatering/refs/heads/main/fiammacatering_catalogue_EGP156V21.pdf;https://raw.githubusercontent.com/cooknation/fiammacatering/refs/heads/main/fiammacatering_photo_EGP156V21.jpg;https://raw.githubusercontent.com/cooknation/fiammacatering/refs/heads/main/fiammacatering_card_EGP156V21.pdf;https://raw.githubusercontent.com/cooknation/fiammacatering/refs/heads/main/fiammacatering_catalogue.pdf;https://raw.githubusercontent.com/cooknation/fiammacatering/refs/heads/main/fiammacatering_price.pdf
CKNFMCEGP156CV21;EGP156CV21;FIAMMA CATERING;ELECTRIC GRIDDLE;ELECTRIC GRIDDLE PLATE HARD CHROME, POWER 4 KW;ELECTRIC GRIDDLE PLATE HARD CHROME, POWER 4 KW;608;mm;530;mm;330;mm;42;Kg;1335;;EUR;;instock;;;;;;simple;;type of plate;Hard chrome;;;;;;;;;;;active;https://raw.githubusercontent.com/cooknation/fiammacatering/refs/heads/main/fiammacatering_video_EGP156CV21.mp4;https://raw.githubusercontent.com/cooknation/fiammacatering/refs/heads/main/fiammacatering_image_EGP156CV21.jpg;https://raw.githubusercontent.com/cooknation/fiammacatering/refs/heads/main/fiammacatering_image_2_EGP156CV21.jpg;https://raw.githubusercontent.com/cooknation/fiammacatering/refs/heads/main/fiammacatering_image_3_EGP156CV21.jpg;https://raw.githubusercontent.com/cooknation/fiammacatering/refs/heads/main/fiammacatering_datasheet_EGP156CV21.pdf;https://raw.githubusercontent.com/cooknation/fiammacatering/refs/heads/main/fiammacatering_manual_EGP156CV21.pdf;https://raw.githubusercontent.com/cooknation/fiammacatering/refs/heads/main/fiammacatering_technicalmanual_EGP156CV21.pdf;https://raw.githubusercontent.com/cooknation/fiammacatering/refs/heads/main/fiammacatering_drawing_EGP156CV21.pdf;https://raw.githubusercontent.com/cooknation/fiammacatering/refs/heads/main/fiammacatering_catalogue_EGP156CV21.pdf;https://raw.githubusercontent.com/cooknation/fiammacatering/refs/heads/main/fiammacatering_photo_EGP156CV21.jpg;https://raw.githubusercontent.com/cooknation/fiammacatering/refs/heads/main/fiammacatering_card_EGP156CV21.pdf;https://raw.githubusercontent.com/cooknation/fiammacatering/refs/heads/main/fiammacatering_catalogue.pdf;https://raw.githubusercontent.com/cooknation/fiammacatering/refs/heads/main/fiammacatering_price.pdf
CKNFMCEGP158V21;EGP158V21;FIAMMA CATERING;ELECTRIC GRIDDLE;ELECTRIC GRIDDLE PLATE POLISHED STEEL, POWER 6 KW;ELECTRIC GRIDDLE PLATE POLISHED STEEL, POWER 6 KW;808;mm;530;mm;330;mm;55;Kg;1120;;EUR;;instock;;;;;;simple;;type of plate;Polished steel;;;;;;;;;;;active;https://raw.githubusercontent.com/cooknation/fiammacatering/refs/heads/main/fiammacatering_video_EGP158V21.mp4;https://raw.githubusercontent.com/cooknation/fiammacatering/refs/heads/main/fiammacatering_image_EGP158V21.jpg;https://raw.githubusercontent.com/cooknation/fiammacatering/refs/heads/main/fiammacatering_image_2_EGP158V21.jpg;https://raw.githubusercontent.com/cooknation/fiammacatering/refs/heads/main/fiammacatering_image_3_EGP158V21.jpg;https://raw.githubusercontent.com/cooknation/fiammacatering/refs/heads/main/fiammacatering_datasheet_EGP158V21.pdf;https://raw.githubusercontent.com/cooknation/fiammacatering/refs/heads/main/fiammacatering_manual_EGP158V21.pdf;https://raw.githubusercontent.com/cooknation/fiammacatering/refs/heads/main/fiammacatering_technicalmanual_EGP158V21.pdf;https://raw.githubusercontent.com/cooknation/fiammacatering/refs/heads/main/fiammacatering_drawing_EGP158V21.pdf;https://raw.githubusercontent.com/cooknation/fiammacatering/refs/heads/main/fiammacatering_catalogue_EGP158V21.pdf;https://raw.githubusercontent.com/cooknation/fiammacatering/refs/heads/main/fiammacatering_photo_EGP158V21.jpg;https://raw.githubusercontent.com/cooknation/fiammacatering/refs/heads/main/fiammacatering_card_EGP158V21.pdf;https://raw.githubusercontent.com/cooknation/fiammacatering/refs/heads/main/fiammacatering_catalogue.pdf;https://raw.githubusercontent.com/cooknation/fiammacatering/refs/heads/main/fiammacatering_price.pdf
CKNFMCEGP158CV21;EGP158CV21;FIAMMA CATERING;ELECTRIC GRIDDLE;ELECTRIC GRIDDLE PLATE HARD CHROME, POWER 6 KW;ELECTRIC GRIDDLE PLATE HARD CHROME, POWER 6 KW;808;mm;530;mm;330;mm;55;Kg;1615;;EUR;;instock;;;;;;simple;;type of plate;Hard chrome;;;;;;;;;;;active;https://raw.githubusercontent.com/cooknation/fiammacatering/refs/heads/main/fiammacatering_video_EGP158CV21.mp4;https://raw.githubusercontent.com/cooknation/fiammacatering/refs/heads/main/fiammacatering_image_EGP158CV21.jpg;https://raw.githubusercontent.com/cooknation/fiammacatering/refs/heads/main/fiammacatering_image_2_EGP158CV21.jpg;https://raw.githubusercontent.com/cooknation/fiammacatering/refs/heads/main/fiammacatering_image_3_EGP158CV21.jpg;https://raw.githubusercontent.com/cooknation/fiammacatering/refs/heads/main/fiammacatering_datasheet_EGP158CV21.pdf;https://raw.githubusercontent.com/cooknation/fiammacatering/refs/heads/main/fiammacatering_manual_EGP158CV21.pdf;https://raw.githubusercontent.com/cooknation/fiammacatering/refs/heads/main/fiammacatering_technicalmanual_EGP158CV21.pdf;https://raw.githubusercontent.com/cooknation/fiammacatering/refs/heads/main/fiammacatering_drawing_EGP158CV21.pdf;https://raw.githubusercontent.com/cooknation/fiammacatering/refs/heads/main/fiammacatering_catalogue_EGP158CV21.pdf;https://raw.githubusercontent.com/cooknation/fiammacatering/refs/heads/main/fiammacatering_photo_EGP158CV21.jpg;https://raw.githubusercontent.com/cooknation/fiammacatering/refs/heads/main/fiammacatering_card_EGP158CV21.pdf;https://raw.githubusercontent.com/cooknation/fiammacatering/refs/heads/main/fiammacatering_catalogue.pdf;https://raw.githubusercontent.com/cooknation/fiammacatering/refs/heads/main/fiammacatering_price.pdf
CKNFMCEGP1510V21;EGP1510V21;FIAMMA CATERING;ELECTRIC GRIDDLE;ELECTRIC GRIDDLE PLATE POLISHED STEEL, POWER 7 KW;ELECTRIC GRIDDLE PLATE POLISHED STEEL, POWER 7 KW;1008;mm;530;mm;330;mm;68;Kg;1360;;EUR;;instock;;;;;;simple;;type of plate;Polished steel;;;;;;;;;;;active;https://raw.githubusercontent.com/cooknation/fiammacatering/refs/heads/main/fiammacatering_video_EGP1510V21.mp4;https://raw.githubusercontent.com/cooknation/fiammacatering/refs/heads/main/fiammacatering_image_EGP1510V21.jpg;https://raw.githubusercontent.com/cooknation/fiammacatering/refs/heads/main/fiammacatering_image_2_EGP1510V21.jpg;https://raw.githubusercontent.com/cooknation/fiammacatering/refs/heads/main/fiammacatering_image_3_EGP1510V21.jpg;https://raw.githubusercontent.com/cooknation/fiammacatering/refs/heads/main/fiammacatering_datasheet_EGP1510V21.pdf;https://raw.githubusercontent.com/cooknation/fiammacatering/refs/heads/main/fiammacatering_manual_EGP1510V21.pdf;https://raw.githubusercontent.com/cooknation/fiammacatering/refs/heads/main/fiammacatering_technicalmanual_EGP1510V21.pdf;https://raw.githubusercontent.com/cooknation/fiammacatering/refs/heads/main/fiammacatering_drawing_EGP1510V21.pdf;https://raw.githubusercontent.com/cooknation/fiammacatering/refs/heads/main/fiammacatering_catalogue_EGP1510V21.pdf;https://raw.githubusercontent.com/cooknation/fiammacatering/refs/heads/main/fiammacatering_photo_EGP1510V21.jpg;https://raw.githubusercontent.com/cooknation/fiammacatering/refs/heads/main/fiammacatering_card_EGP1510V21.pdf;https://raw.githubusercontent.com/cooknation/fiammacatering/refs/heads/main/fiammacatering_catalogue.pdf;https://raw.githubusercontent.com/cooknation/fiammacatering/refs/heads/main/fiammacatering_price.pdf
CKNFMCEGP1510CV21;EGP1510CV21;FIAMMA CATERING;ELECTRIC GRIDDLE;ELECTRIC GRIDDLE PLATE HARD CHROME, POWER 7 KW;ELECTRIC GRIDDLE PLATE HARD CHROME, POWER 7 KW;1008;mm;530;mm;330;mm;68;Kg;1850;;EUR;;instock;;;;;;simple;;type of plate;Hard chrome;;;;;;;;;;;active;https://raw.githubusercontent.com/cooknation/fiammacatering/refs/heads/main/fiammacatering_video_EGP1510CV21.mp4;https://raw.githubusercontent.com/cooknation/fiammacatering/refs/heads/main/fiammacatering_image_EGP1510CV21.jpg;https://raw.githubusercontent.com/cooknation/fiammacatering/refs/heads/main/fiammacatering_image_2_EGP1510CV21.jpg;https://raw.githubusercontent.com/cooknation/fiammacatering/refs/heads/main/fiammacatering_image_3_EGP1510CV21.jpg;https://raw.githubusercontent.com/cooknation/fiammacatering/refs/heads/main/fiammacatering_datasheet_EGP1510CV21.pdf;https://raw.githubusercontent.com/cooknation/fiammacatering/refs/heads/main/fiammacatering_manual_EGP1510CV21.pdf;https://raw.githubusercontent.com/cooknation/fiammacatering/refs/heads/main/fiammacatering_technicalmanual_EGP1510CV21.pdf;https://raw.githubusercontent.com/cooknation/fiammacatering/refs/heads/main/fiammacatering_drawing_EGP1510CV21.pdf;https://raw.githubusercontent.com/cooknation/fiammacatering/refs/heads/main/fiammacatering_catalogue_EGP1510CV21.pdf;https://raw.githubusercontent.com/cooknation/fiammacatering/refs/heads/main/fiammacatering_photo_EGP1510CV21.jpg;https://raw.githubusercontent.com/cooknation/fiammacatering/refs/heads/main/fiammacatering_card_EGP1510CV21.pdf;https://raw.githubusercontent.com/cooknation/fiammacatering/refs/heads/main/fiammacatering_catalogue.pdf;https://raw.githubusercontent.com/cooknation/fiammacatering/refs/heads/main/fiammacatering_price.pdf
CKNFMCEGP44Vitro;EGP44Vitro;FIAMMA CATERING;ELECTRIC GRIDDLE;ELECTRIC GRIDDLE PLATE VITROCERAMIC, POWER 3.5 KW;ELECTRIC GRIDDLE PLATE VITROCERAMIC, POWER 3.5 KW;408;mm;528;mm;252;mm;10;Kg;715;;EUR;;instock;;;;;;simple;;type of plate;Vitroceramic;;;;;;;;;;;active;https://raw.githubusercontent.com/cooknation/fiammacatering/refs/heads/main/fiammacatering_video_EGP44Vitro.mp4;https://raw.githubusercontent.com/cooknation/fiammacatering/refs/heads/main/fiammacatering_image_EGP44Vitro.jpg;https://raw.githubusercontent.com/cooknation/fiammacatering/refs/heads/main/fiammacatering_image_2_EGP44Vitro.jpg;https://raw.githubusercontent.com/cooknation/fiammacatering/refs/heads/main/fiammacatering_image_3_EGP44Vitro.jpg;https://raw.githubusercontent.com/cooknation/fiammacatering/refs/heads/main/fiammacatering_datasheet_EGP44Vitro.pdf;https://raw.githubusercontent.com/cooknation/fiammacatering/refs/heads/main/fiammacatering_manual_EGP44Vitro.pdf;https://raw.githubusercontent.com/cooknation/fiammacatering/refs/heads/main/fiammacatering_technicalmanual_EGP44Vitro.pdf;https://raw.githubusercontent.com/cooknation/fiammacatering/refs/heads/main/fiammacatering_drawing_EGP44Vitro.pdf;https://raw.githubusercontent.com/cooknation/fiammacatering/refs/heads/main/fiammacatering_catalogue_EGP44Vitro.pdf;https://raw.githubusercontent.com/cooknation/fiammacatering/refs/heads/main/fiammacatering_photo_EGP44Vitro.jpg;https://raw.githubusercontent.com/cooknation/fiammacatering/refs/heads/main/fiammacatering_card_EGP44Vitro.pdf;https://raw.githubusercontent.com/cooknation/fiammacatering/refs/heads/main/fiammacatering_catalogue.pdf;https://raw.githubusercontent.com/cooknation/fiammacatering/refs/heads/main/fiammacatering_price.pdf
CKNFMCGCT6V21;GCT6V21;FIAMMA CATERING;STOVE;STOVE GAS 6 KW;STOVE GAS 6 KW;305;mm;385;mm;230;mm;7.5;Kg;370;;EUR;;instock;;;;;;simple;;power supply;gas 6 Kw;;;;;;;;;;;active;https://raw.githubusercontent.com/cooknation/fiammacatering/refs/heads/main/fiammacatering_video_GCT6V21.mp4;https://raw.githubusercontent.com/cooknation/fiammacatering/refs/heads/main/fiammacatering_image_GCT6V21.jpg;https://raw.githubusercontent.com/cooknation/fiammacatering/refs/heads/main/fiammacatering_image_2_GCT6V21.jpg;https://raw.githubusercontent.com/cooknation/fiammacatering/refs/heads/main/fiammacatering_image_3_GCT6V21.jpg;https://raw.githubusercontent.com/cooknation/fiammacatering/refs/heads/main/fiammacatering_datasheet_GCT6V21.pdf;https://raw.githubusercontent.com/cooknation/fiammacatering/refs/heads/main/fiammacatering_manual_GCT6V21.pdf;https://raw.githubusercontent.com/cooknation/fiammacatering/refs/heads/main/fiammacatering_technicalmanual_GCT6V21.pdf;https://raw.githubusercontent.com/cooknation/fiammacatering/refs/heads/main/fiammacatering_drawing_GCT6V21.pdf;https://raw.githubusercontent.com/cooknation/fiammacatering/refs/heads/main/fiammacatering_catalogue_GCT6V21.pdf;https://raw.githubusercontent.com/cooknation/fiammacatering/refs/heads/main/fiammacatering_photo_GCT6V21.jpg;https://raw.githubusercontent.com/cooknation/fiammacatering/refs/heads/main/fiammacatering_card_GCT6V21.pdf;https://raw.githubusercontent.com/cooknation/fiammacatering/refs/heads/main/fiammacatering_catalogue.pdf;https://raw.githubusercontent.com/cooknation/fiammacatering/refs/heads/main/fiammacatering_price.pdf
CKNFMCGCT2X6V21;GCT2X6V21;FIAMMA CATERING;STOVE;STOVE GAS 12 KW;STOVE GAS 12 KW;755;mm;385;mm;230;mm;13;Kg;665;;EUR;;instock;;;;;;simple;;power supply;gas 12 Kw;;;;;;;;;;;active;https://raw.githubusercontent.com/cooknation/fiammacatering/refs/heads/main/fiammacatering_video_GCT2X6V21.mp4;https://raw.githubusercontent.com/cooknation/fiammacatering/refs/heads/main/fiammacatering_image_GCT2X6V21.jpg;https://raw.githubusercontent.com/cooknation/fiammacatering/refs/heads/main/fiammacatering_image_2_GCT2X6V21.jpg;https://raw.githubusercontent.com/cooknation/fiammacatering/refs/heads/main/fiammacatering_image_3_GCT2X6V21.jpg;https://raw.githubusercontent.com/cooknation/fiammacatering/refs/heads/main/fiammacatering_datasheet_GCT2X6V21.pdf;https://raw.githubusercontent.com/cooknation/fiammacatering/refs/heads/main/fiammacatering_manual_GCT2X6V21.pdf;https://raw.githubusercontent.com/cooknation/fiammacatering/refs/heads/main/fiammacatering_technicalmanual_GCT2X6V21.pdf;https://raw.githubusercontent.com/cooknation/fiammacatering/refs/heads/main/fiammacatering_drawing_GCT2X6V21.pdf;https://raw.githubusercontent.com/cooknation/fiammacatering/refs/heads/main/fiammacatering_catalogue_GCT2X6V21.pdf;https://raw.githubusercontent.com/cooknation/fiammacatering/refs/heads/main/fiammacatering_photo_GCT2X6V21.jpg;https://raw.githubusercontent.com/cooknation/fiammacatering/refs/heads/main/fiammacatering_card_GCT2X6V21.pdf;https://raw.githubusercontent.com/cooknation/fiammacatering/refs/heads/main/fiammacatering_catalogue.pdf;https://raw.githubusercontent.com/cooknation/fiammacatering/refs/heads/main/fiammacatering_price.pdf
CKNFMCECT2V21;ECT2V21;FIAMMA CATERING;STOVE;STOVE ELECTRIC 2 KW;STOVE ELECTRIC 2 KW;377;mm;395;mm;200;mm;7;Kg;315;;EUR;;instock;;;;;;simple;;working area;diameter 220 mm;;;;;;;;;;;active;https://raw.githubusercontent.com/cooknation/fiammacatering/refs/heads/main/fiammacatering_video_ECT2V21.mp4;https://raw.githubusercontent.com/cooknation/fiammacatering/refs/heads/main/fiammacatering_image_ECT2V21.jpg;https://raw.githubusercontent.com/cooknation/fiammacatering/refs/heads/main/fiammacatering_image_2_ECT2V21.jpg;https://raw.githubusercontent.com/cooknation/fiammacatering/refs/heads/main/fiammacatering_image_3_ECT2V21.jpg;https://raw.githubusercontent.com/cooknation/fiammacatering/refs/heads/main/fiammacatering_datasheet_ECT2V21.pdf;https://raw.githubusercontent.com/cooknation/fiammacatering/refs/heads/main/fiammacatering_manual_ECT2V21.pdf;https://raw.githubusercontent.com/cooknation/fiammacatering/refs/heads/main/fiammacatering_technicalmanual_ECT2V21.pdf;https://raw.githubusercontent.com/cooknation/fiammacatering/refs/heads/main/fiammacatering_drawing_ECT2V21.pdf;https://raw.githubusercontent.com/cooknation/fiammacatering/refs/heads/main/fiammacatering_catalogue_ECT2V21.pdf;https://raw.githubusercontent.com/cooknation/fiammacatering/refs/heads/main/fiammacatering_photo_ECT2V21.jpg;https://raw.githubusercontent.com/cooknation/fiammacatering/refs/heads/main/fiammacatering_card_ECT2V21.pdf;https://raw.githubusercontent.com/cooknation/fiammacatering/refs/heads/main/fiammacatering_catalogue.pdf;https://raw.githubusercontent.com/cooknation/fiammacatering/refs/heads/main/fiammacatering_price.pdf
CKNFMCECT2X2V21;ECT2X2V21;FIAMMA CATERING;STOVE;STOVE ELECTRIC 2 X 2 KW;STOVE ELECTRIC 2 X 2 KW;745;mm;395;mm;200;mm;12.5;Kg;545;;EUR;;instock;;;;;;simple;;working area;diameter 220 mm;;;;;;;;;;;active;https://raw.githubusercontent.com/cooknation/fiammacatering/refs/heads/main/fiammacatering_video_ECT2X2V21.mp4;https://raw.githubusercontent.com/cooknation/fiammacatering/refs/heads/main/fiammacatering_image_ECT2X2V21.jpg;https://raw.githubusercontent.com/cooknation/fiammacatering/refs/heads/main/fiammacatering_image_2_ECT2X2V21.jpg;https://raw.githubusercontent.com/cooknation/fiammacatering/refs/heads/main/fiammacatering_image_3_ECT2X2V21.jpg;https://raw.githubusercontent.com/cooknation/fiammacatering/refs/heads/main/fiammacatering_datasheet_ECT2X2V21.pdf;https://raw.githubusercontent.com/cooknation/fiammacatering/refs/heads/main/fiammacatering_manual_ECT2X2V21.pdf;https://raw.githubusercontent.com/cooknation/fiammacatering/refs/heads/main/fiammacatering_technicalmanual_ECT2X2V21.pdf;https://raw.githubusercontent.com/cooknation/fiammacatering/refs/heads/main/fiammacatering_drawing_ECT2X2V21.pdf;https://raw.githubusercontent.com/cooknation/fiammacatering/refs/heads/main/fiammacatering_catalogue_ECT2X2V21.pdf;https://raw.githubusercontent.com/cooknation/fiammacatering/refs/heads/main/fiammacatering_photo_ECT2X2V21.jpg;https://raw.githubusercontent.com/cooknation/fiammacatering/refs/heads/main/fiammacatering_card_ECT2X2V21.pdf;https://raw.githubusercontent.com/cooknation/fiammacatering/refs/heads/main/fiammacatering_catalogue.pdf;https://raw.githubusercontent.com/cooknation/fiammacatering/refs/heads/main/fiammacatering_price.pdf
CKNFMCFF6V20;FF6V20;FIAMMA CATERING;FRYER;DEEP FRYER 5 LITERS;DEEP FRYER 5 LITERS;265;mm;430;mm;335;mm;6.5;Kg;290;;EUR;;instock;;;;;;simple;;production;10 kg/h;;;;;;;;;;;active;https://raw.githubusercontent.com/cooknation/fiammacatering/refs/heads/main/fiammacatering_video_FF6V20.mp4;https://raw.githubusercontent.com/cooknation/fiammacatering/refs/heads/main/fiammacatering_image_FF6V20.jpg;https://raw.githubusercontent.com/cooknation/fiammacatering/refs/heads/main/fiammacatering_image_2_FF6V20.jpg;https://raw.githubusercontent.com/cooknation/fiammacatering/refs/heads/main/fiammacatering_image_3_FF6V20.jpg;https://raw.githubusercontent.com/cooknation/fiammacatering/refs/heads/main/fiammacatering_datasheet_FF6V20.pdf;https://raw.githubusercontent.com/cooknation/fiammacatering/refs/heads/main/fiammacatering_manual_FF6V20.pdf;https://raw.githubusercontent.com/cooknation/fiammacatering/refs/heads/main/fiammacatering_technicalmanual_FF6V20.pdf;https://raw.githubusercontent.com/cooknation/fiammacatering/refs/heads/main/fiammacatering_drawing_FF6V20.pdf;https://raw.githubusercontent.com/cooknation/fiammacatering/refs/heads/main/fiammacatering_catalogue_FF6V20.pdf;https://raw.githubusercontent.com/cooknation/fiammacatering/refs/heads/main/fiammacatering_photo_FF6V20.jpg;https://raw.githubusercontent.com/cooknation/fiammacatering/refs/heads/main/fiammacatering_card_FF6V20.pdf;https://raw.githubusercontent.com/cooknation/fiammacatering/refs/heads/main/fiammacatering_catalogue.pdf;https://raw.githubusercontent.com/cooknation/fiammacatering/refs/heads/main/fiammacatering_price.pdf
CKNFMCFF6SV20;FF6SV20;FIAMMA CATERING;FRYER;DEEP FRYER 5 LITERS;DEEP FRYER 5 LITERS;265;mm;430;mm;335;mm;6.5;Kg;340;;EUR;;instock;;;;;;simple;;production;10 kg/h;;;;;;;;;;;active;https://raw.githubusercontent.com/cooknation/fiammacatering/refs/heads/main/fiammacatering_video_FF6SV20.mp4;https://raw.githubusercontent.com/cooknation/fiammacatering/refs/heads/main/fiammacatering_image_FF6SV20.jpg;https://raw.githubusercontent.com/cooknation/fiammacatering/refs/heads/main/fiammacatering_image_2_FF6SV20.jpg;https://raw.githubusercontent.com/cooknation/fiammacatering/refs/heads/main/fiammacatering_image_3_FF6SV20.jpg;https://raw.githubusercontent.com/cooknation/fiammacatering/refs/heads/main/fiammacatering_datasheet_FF6SV20.pdf;https://raw.githubusercontent.com/cooknation/fiammacatering/refs/heads/main/fiammacatering_manual_FF6SV20.pdf;https://raw.githubusercontent.com/cooknation/fiammacatering/refs/heads/main/fiammacatering_technicalmanual_FF6SV20.pdf;https://raw.githubusercontent.com/cooknation/fiammacatering/refs/heads/main/fiammacatering_drawing_FF6SV20.pdf;https://raw.githubusercontent.com/cooknation/fiammacatering/refs/heads/main/fiammacatering_catalogue_FF6SV20.pdf;https://raw.githubusercontent.com/cooknation/fiammacatering/refs/heads/main/fiammacatering_photo_FF6SV20.jpg;https://raw.githubusercontent.com/cooknation/fiammacatering/refs/heads/main/fiammacatering_card_FF6SV20.pdf;https://raw.githubusercontent.com/cooknation/fiammacatering/refs/heads/main/fiammacatering_catalogue.pdf;https://raw.githubusercontent.com/cooknation/fiammacatering/refs/heads/main/fiammacatering_price.pdf
CKNFMCFF10V20;FF10V20;FIAMMA CATERING;FRYER;DEEP FRYER 8 LITERS;DEEP FRYER 8 LITERS;265;mm;475;mm;375;mm;8;Kg;375;;EUR;;instock;;;;;;simple;;production;13 kg/h;;;;;;;;;;;active;https://raw.githubusercontent.com/cooknation/fiammacatering/refs/heads/main/fiammacatering_video_FF10V20.mp4;https://raw.githubusercontent.com/cooknation/fiammacatering/refs/heads/main/fiammacatering_image_FF10V20.jpg;https://raw.githubusercontent.com/cooknation/fiammacatering/refs/heads/main/fiammacatering_image_2_FF10V20.jpg;https://raw.githubusercontent.com/cooknation/fiammacatering/refs/heads/main/fiammacatering_image_3_FF10V20.jpg;https://raw.githubusercontent.com/cooknation/fiammacatering/refs/heads/main/fiammacatering_datasheet_FF10V20.pdf;https://raw.githubusercontent.com/cooknation/fiammacatering/refs/heads/main/fiammacatering_manual_FF10V20.pdf;https://raw.githubusercontent.com/cooknation/fiammacatering/refs/heads/main/fiammacatering_technicalmanual_FF10V20.pdf;https://raw.githubusercontent.com/cooknation/fiammacatering/refs/heads/main/fiammacatering_drawing_FF10V20.pdf;https://raw.githubusercontent.com/cooknation/fiammacatering/refs/heads/main/fiammacatering_catalogue_FF10V20.pdf;https://raw.githubusercontent.com/cooknation/fiammacatering/refs/heads/main/fiammacatering_photo_FF10V20.jpg;https://raw.githubusercontent.com/cooknation/fiammacatering/refs/heads/main/fiammacatering_card_FF10V20.pdf;https://raw.githubusercontent.com/cooknation/fiammacatering/refs/heads/main/fiammacatering_catalogue.pdf;https://raw.githubusercontent.com/cooknation/fiammacatering/refs/heads/main/fiammacatering_price.pdf
CKNFMCFF10SV20;FF10SV20;FIAMMA CATERING;FRYER;DEEP FRYER 8 LITERS;DEEP FRYER 8 LITERS;265;mm;475;mm;375;mm;8;Kg;435;;EUR;;instock;;;;;;simple;;production;13 kg/h;;;;;;;;;;;active;https://raw.githubusercontent.com/cooknation/fiammacatering/refs/heads/main/fiammacatering_video_FF10SV20.mp4;https://raw.githubusercontent.com/cooknation/fiammacatering/refs/heads/main/fiammacatering_image_FF10SV20.jpg;https://raw.githubusercontent.com/cooknation/fiammacatering/refs/heads/main/fiammacatering_image_2_FF10SV20.jpg;https://raw.githubusercontent.com/cooknation/fiammacatering/refs/heads/main/fiammacatering_image_3_FF10SV20.jpg;https://raw.githubusercontent.com/cooknation/fiammacatering/refs/heads/main/fiammacatering_datasheet_FF10SV20.pdf;https://raw.githubusercontent.com/cooknation/fiammacatering/refs/heads/main/fiammacatering_manual_FF10SV20.pdf;https://raw.githubusercontent.com/cooknation/fiammacatering/refs/heads/main/fiammacatering_technicalmanual_FF10SV20.pdf;https://raw.githubusercontent.com/cooknation/fiammacatering/refs/heads/main/fiammacatering_drawing_FF10SV20.pdf;https://raw.githubusercontent.com/cooknation/fiammacatering/refs/heads/main/fiammacatering_catalogue_FF10SV20.pdf;https://raw.githubusercontent.com/cooknation/fiammacatering/refs/heads/main/fiammacatering_photo_FF10SV20.jpg;https://raw.githubusercontent.com/cooknation/fiammacatering/refs/heads/main/fiammacatering_card_FF10SV20.pdf;https://raw.githubusercontent.com/cooknation/fiammacatering/refs/heads/main/fiammacatering_catalogue.pdf;https://raw.githubusercontent.com/cooknation/fiammacatering/refs/heads/main/fiammacatering_price.pdf
CKNFMCFF10TRV20;FF10TRV20;FIAMMA CATERING;FRYER;DEEP FRYER 8 LITERS;DEEP FRYER 8 LITERS;265;mm;475;mm;375;mm;8.5;Kg;560;;EUR;;instock;;;;;;simple;;production;15 kg/h;;;;;;;;;;;active;https://raw.githubusercontent.com/cooknation/fiammacatering/refs/heads/main/fiammacatering_video_FF10TRV20.mp4;https://raw.githubusercontent.com/cooknation/fiammacatering/refs/heads/main/fiammacatering_image_FF10TRV20.jpg;https://raw.githubusercontent.com/cooknation/fiammacatering/refs/heads/main/fiammacatering_image_2_FF10TRV20.jpg;https://raw.githubusercontent.com/cooknation/fiammacatering/refs/heads/main/fiammacatering_image_3_FF10TRV20.jpg;https://raw.githubusercontent.com/cooknation/fiammacatering/refs/heads/main/fiammacatering_datasheet_FF10TRV20.pdf;https://raw.githubusercontent.com/cooknation/fiammacatering/refs/heads/main/fiammacatering_manual_FF10TRV20.pdf;https://raw.githubusercontent.com/cooknation/fiammacatering/refs/heads/main/fiammacatering_technicalmanual_FF10TRV20.pdf;https://raw.githubusercontent.com/cooknation/fiammacatering/refs/heads/main/fiammacatering_drawing_FF10TRV20.pdf;https://raw.githubusercontent.com/cooknation/fiammacatering/refs/heads/main/fiammacatering_catalogue_FF10TRV20.pdf;https://raw.githubusercontent.com/cooknation/fiammacatering/refs/heads/main/fiammacatering_photo_FF10TRV20.jpg;https://raw.githubusercontent.com/cooknation/fiammacatering/refs/heads/main/fiammacatering_card_FF10TRV20.pdf;https://raw.githubusercontent.com/cooknation/fiammacatering/refs/heads/main/fiammacatering_catalogue.pdf;https://raw.githubusercontent.com/cooknation/fiammacatering/refs/heads/main/fiammacatering_price.pdf
CKNFMCFF15TRV20;FF15TRV20;FIAMMA CATERING;FRYER;DEEP FRYER 10 LITERS;DEEP FRYER 10 LITERS;325;mm;500;mm;415;mm;10.8;Kg;635;;EUR;;instock;;;;;;simple;;production;20 kg/h;;;;;;;;;;;active;https://raw.githubusercontent.com/cooknation/fiammacatering/refs/heads/main/fiammacatering_video_FF15TRV20.mp4;https://raw.githubusercontent.com/cooknation/fiammacatering/refs/heads/main/fiammacatering_image_FF15TRV20.jpg;https://raw.githubusercontent.com/cooknation/fiammacatering/refs/heads/main/fiammacatering_image_2_FF15TRV20.jpg;https://raw.githubusercontent.com/cooknation/fiammacatering/refs/heads/main/fiammacatering_image_3_FF15TRV20.jpg;https://raw.githubusercontent.com/cooknation/fiammacatering/refs/heads/main/fiammacatering_datasheet_FF15TRV20.pdf;https://raw.githubusercontent.com/cooknation/fiammacatering/refs/heads/main/fiammacatering_manual_FF15TRV20.pdf;https://raw.githubusercontent.com/cooknation/fiammacatering/refs/heads/main/fiammacatering_technicalmanual_FF15TRV20.pdf;https://raw.githubusercontent.com/cooknation/fiammacatering/refs/heads/main/fiammacatering_drawing_FF15TRV20.pdf;https://raw.githubusercontent.com/cooknation/fiammacatering/refs/heads/main/fiammacatering_catalogue_FF15TRV20.pdf;https://raw.githubusercontent.com/cooknation/fiammacatering/refs/heads/main/fiammacatering_photo_FF15TRV20.jpg;https://raw.githubusercontent.com/cooknation/fiammacatering/refs/heads/main/fiammacatering_card_FF15TRV20.pdf;https://raw.githubusercontent.com/cooknation/fiammacatering/refs/heads/main/fiammacatering_catalogue.pdf;https://raw.githubusercontent.com/cooknation/fiammacatering/refs/heads/main/fiammacatering_price.pdf
CKNFMCFF66V20;FF66V20;FIAMMA CATERING;FRYER;DEEP FRYER 2X5 LITERS;DEEP FRYER 2X5 LITERS;525;mm;430;mm;335;mm;12;Kg;545;;EUR;;instock;;;;;;simple;;production;2x 10 kg/h;;;;;;;;;;;active;https://raw.githubusercontent.com/cooknation/fiammacatering/refs/heads/main/fiammacatering_video_FF66V20.mp4;https://raw.githubusercontent.com/cooknation/fiammacatering/refs/heads/main/fiammacatering_image_FF66V20.jpg;https://raw.githubusercontent.com/cooknation/fiammacatering/refs/heads/main/fiammacatering_image_2_FF66V20.jpg;https://raw.githubusercontent.com/cooknation/fiammacatering/refs/heads/main/fiammacatering_image_3_FF66V20.jpg;https://raw.githubusercontent.com/cooknation/fiammacatering/refs/heads/main/fiammacatering_datasheet_FF66V20.pdf;https://raw.githubusercontent.com/cooknation/fiammacatering/refs/heads/main/fiammacatering_manual_FF66V20.pdf;https://raw.githubusercontent.com/cooknation/fiammacatering/refs/heads/main/fiammacatering_technicalmanual_FF66V20.pdf;https://raw.githubusercontent.com/cooknation/fiammacatering/refs/heads/main/fiammacatering_drawing_FF66V20.pdf;https://raw.githubusercontent.com/cooknation/fiammacatering/refs/heads/main/fiammacatering_catalogue_FF66V20.pdf;https://raw.githubusercontent.com/cooknation/fiammacatering/refs/heads/main/fiammacatering_photo_FF66V20.jpg;https://raw.githubusercontent.com/cooknation/fiammacatering/refs/heads/main/fiammacatering_card_FF66V20.pdf;https://raw.githubusercontent.com/cooknation/fiammacatering/refs/heads/main/fiammacatering_catalogue.pdf;https://raw.githubusercontent.com/cooknation/fiammacatering/refs/heads/main/fiammacatering_price.pdf
CKNFMCFF66SV20;FF66SV20;FIAMMA CATERING;FRYER;DEEP FRYER 2 X 5 LITERS;DEEP FRYER 2 X 5 LITERS;525;mm;430;mm;335;mm;12;Kg;620;;EUR;;instock;;;;;;simple;;production;2x 10 kg/h;;;;;;;;;;;active;https://raw.githubusercontent.com/cooknation/fiammacatering/refs/heads/main/fiammacatering_video_FF66SV20.mp4;https://raw.githubusercontent.com/cooknation/fiammacatering/refs/heads/main/fiammacatering_image_FF66SV20.jpg;https://raw.githubusercontent.com/cooknation/fiammacatering/refs/heads/main/fiammacatering_image_2_FF66SV20.jpg;https://raw.githubusercontent.com/cooknation/fiammacatering/refs/heads/main/fiammacatering_image_3_FF66SV20.jpg;https://raw.githubusercontent.com/cooknation/fiammacatering/refs/heads/main/fiammacatering_datasheet_FF66SV20.pdf;https://raw.githubusercontent.com/cooknation/fiammacatering/refs/heads/main/fiammacatering_manual_FF66SV20.pdf;https://raw.githubusercontent.com/cooknation/fiammacatering/refs/heads/main/fiammacatering_technicalmanual_FF66SV20.pdf;https://raw.githubusercontent.com/cooknation/fiammacatering/refs/heads/main/fiammacatering_drawing_FF66SV20.pdf;https://raw.githubusercontent.com/cooknation/fiammacatering/refs/heads/main/fiammacatering_catalogue_FF66SV20.pdf;https://raw.githubusercontent.com/cooknation/fiammacatering/refs/heads/main/fiammacatering_photo_FF66SV20.jpg;https://raw.githubusercontent.com/cooknation/fiammacatering/refs/heads/main/fiammacatering_card_FF66SV20.pdf;https://raw.githubusercontent.com/cooknation/fiammacatering/refs/heads/main/fiammacatering_catalogue.pdf;https://raw.githubusercontent.com/cooknation/fiammacatering/refs/heads/main/fiammacatering_price.pdf
CKNFMCFF1010V20;FF1010V20;FIAMMA CATERING;FRYER;DEEP FRYER 2 X 8 LITERS;DEEP FRYER 2 X 8 LITERS;525;mm;475;mm;375;mm;14;Kg;725;;EUR;;instock;;;;;;simple;;production;2x 13 kg/h;;;;;;;;;;;active;https://raw.githubusercontent.com/cooknation/fiammacatering/refs/heads/main/fiammacatering_video_FF1010V20.mp4;https://raw.githubusercontent.com/cooknation/fiammacatering/refs/heads/main/fiammacatering_image_FF1010V20.jpg;https://raw.githubusercontent.com/cooknation/fiammacatering/refs/heads/main/fiammacatering_image_2_FF1010V20.jpg;https://raw.githubusercontent.com/cooknation/fiammacatering/refs/heads/main/fiammacatering_image_3_FF1010V20.jpg;https://raw.githubusercontent.com/cooknation/fiammacatering/refs/heads/main/fiammacatering_datasheet_FF1010V20.pdf;https://raw.githubusercontent.com/cooknation/fiammacatering/refs/heads/main/fiammacatering_manual_FF1010V20.pdf;https://raw.githubusercontent.com/cooknation/fiammacatering/refs/heads/main/fiammacatering_technicalmanual_FF1010V20.pdf;https://raw.githubusercontent.com/cooknation/fiammacatering/refs/heads/main/fiammacatering_drawing_FF1010V20.pdf;https://raw.githubusercontent.com/cooknation/fiammacatering/refs/heads/main/fiammacatering_catalogue_FF1010V20.pdf;https://raw.githubusercontent.com/cooknation/fiammacatering/refs/heads/main/fiammacatering_photo_FF1010V20.jpg;https://raw.githubusercontent.com/cooknation/fiammacatering/refs/heads/main/fiammacatering_card_FF1010V20.pdf;https://raw.githubusercontent.com/cooknation/fiammacatering/refs/heads/main/fiammacatering_catalogue.pdf;https://raw.githubusercontent.com/cooknation/fiammacatering/refs/heads/main/fiammacatering_price.pdf
CKNFMCFF1010SV20;FF1010SV20;FIAMMA CATERING;FRYER;DEEP FRYER 2 X 8 LITERS;DEEP FRYER 2 X 8 LITERS;525;mm;475;mm;375;mm;14;Kg;795;;EUR;;instock;;;;;;simple;;production;2x 13 kg/h;;;;;;;;;;;active;https://raw.githubusercontent.com/cooknation/fiammacatering/refs/heads/main/fiammacatering_video_FF1010SV20.mp4;https://raw.githubusercontent.com/cooknation/fiammacatering/refs/heads/main/fiammacatering_image_FF1010SV20.jpg;https://raw.githubusercontent.com/cooknation/fiammacatering/refs/heads/main/fiammacatering_image_2_FF1010SV20.jpg;https://raw.githubusercontent.com/cooknation/fiammacatering/refs/heads/main/fiammacatering_image_3_FF1010SV20.jpg;https://raw.githubusercontent.com/cooknation/fiammacatering/refs/heads/main/fiammacatering_datasheet_FF1010SV20.pdf;https://raw.githubusercontent.com/cooknation/fiammacatering/refs/heads/main/fiammacatering_manual_FF1010SV20.pdf;https://raw.githubusercontent.com/cooknation/fiammacatering/refs/heads/main/fiammacatering_technicalmanual_FF1010SV20.pdf;https://raw.githubusercontent.com/cooknation/fiammacatering/refs/heads/main/fiammacatering_drawing_FF1010SV20.pdf;https://raw.githubusercontent.com/cooknation/fiammacatering/refs/heads/main/fiammacatering_catalogue_FF1010SV20.pdf;https://raw.githubusercontent.com/cooknation/fiammacatering/refs/heads/main/fiammacatering_photo_FF1010SV20.jpg;https://raw.githubusercontent.com/cooknation/fiammacatering/refs/heads/main/fiammacatering_card_FF1010SV20.pdf;https://raw.githubusercontent.com/cooknation/fiammacatering/refs/heads/main/fiammacatering_catalogue.pdf;https://raw.githubusercontent.com/cooknation/fiammacatering/refs/heads/main/fiammacatering_price.pdf
CKNFMCFF1010TRV20;FF1010TRV20;FIAMMA CATERING;FRYER;DEEP FRYER 2 X 8 LITERS;DEEP FRYER 2 X 8 LITERS;525;mm;475;mm;375;mm;16;Kg;1055;;EUR;;instock;;;;;;simple;;production;2x 15 kg/h;;;;;;;;;;;active;https://raw.githubusercontent.com/cooknation/fiammacatering/refs/heads/main/fiammacatering_video_FF1010TRV20.mp4;https://raw.githubusercontent.com/cooknation/fiammacatering/refs/heads/main/fiammacatering_image_FF1010TRV20.jpg;https://raw.githubusercontent.com/cooknation/fiammacatering/refs/heads/main/fiammacatering_image_2_FF1010TRV20.jpg;https://raw.githubusercontent.com/cooknation/fiammacatering/refs/heads/main/fiammacatering_image_3_FF1010TRV20.jpg;https://raw.githubusercontent.com/cooknation/fiammacatering/refs/heads/main/fiammacatering_datasheet_FF1010TRV20.pdf;https://raw.githubusercontent.com/cooknation/fiammacatering/refs/heads/main/fiammacatering_manual_FF1010TRV20.pdf;https://raw.githubusercontent.com/cooknation/fiammacatering/refs/heads/main/fiammacatering_technicalmanual_FF1010TRV20.pdf;https://raw.githubusercontent.com/cooknation/fiammacatering/refs/heads/main/fiammacatering_drawing_FF1010TRV20.pdf;https://raw.githubusercontent.com/cooknation/fiammacatering/refs/heads/main/fiammacatering_catalogue_FF1010TRV20.pdf;https://raw.githubusercontent.com/cooknation/fiammacatering/refs/heads/main/fiammacatering_photo_FF1010TRV20.jpg;https://raw.githubusercontent.com/cooknation/fiammacatering/refs/heads/main/fiammacatering_card_FF1010TRV20.pdf;https://raw.githubusercontent.com/cooknation/fiammacatering/refs/heads/main/fiammacatering_catalogue.pdf;https://raw.githubusercontent.com/cooknation/fiammacatering/refs/heads/main/fiammacatering_price.pdf
CKNFMCFF1515TRV20;FF1515TRV20;FIAMMA CATERING;FRYER;DEEP FRYER 2 x 10 LITERS;DEEP FRYER 2 x 10 LITERS;653;mm;500;mm;415;mm;20.6;Kg;1230;;EUR;;instock;;;;;;simple;;production;2x 20 kg/h;;;;;;;;;;;active;https://raw.githubusercontent.com/cooknation/fiammacatering/refs/heads/main/fiammacatering_video_FF1515TRV20.mp4;https://raw.githubusercontent.com/cooknation/fiammacatering/refs/heads/main/fiammacatering_image_FF1515TRV20.jpg;https://raw.githubusercontent.com/cooknation/fiammacatering/refs/heads/main/fiammacatering_image_2_FF1515TRV20.jpg;https://raw.githubusercontent.com/cooknation/fiammacatering/refs/heads/main/fiammacatering_image_3_FF1515TRV20.jpg;https://raw.githubusercontent.com/cooknation/fiammacatering/refs/heads/main/fiammacatering_datasheet_FF1515TRV20.pdf;https://raw.githubusercontent.com/cooknation/fiammacatering/refs/heads/main/fiammacatering_manual_FF1515TRV20.pdf;https://raw.githubusercontent.com/cooknation/fiammacatering/refs/heads/main/fiammacatering_technicalmanual_FF1515TRV20.pdf;https://raw.githubusercontent.com/cooknation/fiammacatering/refs/heads/main/fiammacatering_drawing_FF1515TRV20.pdf;https://raw.githubusercontent.com/cooknation/fiammacatering/refs/heads/main/fiammacatering_catalogue_FF1515TRV20.pdf;https://raw.githubusercontent.com/cooknation/fiammacatering/refs/heads/main/fiammacatering_photo_FF1515TRV20.jpg;https://raw.githubusercontent.com/cooknation/fiammacatering/refs/heads/main/fiammacatering_card_FF1515TRV20.pdf;https://raw.githubusercontent.com/cooknation/fiammacatering/refs/heads/main/fiammacatering_catalogue.pdf;https://raw.githubusercontent.com/cooknation/fiammacatering/refs/heads/main/fiammacatering_price.pdf
CKNFMCSEF450;SEF450;FIAMMA CATERING;SALAMANDER;SALAMANDER;SALAMANDER;600;mm;400;mm;455;mm;14.1;Kg;455;;EUR;;instock;;;;;;simple;;levels;3;;;;;;;;;;;active;https://raw.githubusercontent.com/cooknation/fiammacatering/refs/heads/main/fiammacatering_video_SEF450.mp4;https://raw.githubusercontent.com/cooknation/fiammacatering/refs/heads/main/fiammacatering_image_SEF450.jpg;https://raw.githubusercontent.com/cooknation/fiammacatering/refs/heads/main/fiammacatering_image_2_SEF450.jpg;https://raw.githubusercontent.com/cooknation/fiammacatering/refs/heads/main/fiammacatering_image_3_SEF450.jpg;https://raw.githubusercontent.com/cooknation/fiammacatering/refs/heads/main/fiammacatering_datasheet_SEF450.pdf;https://raw.githubusercontent.com/cooknation/fiammacatering/refs/heads/main/fiammacatering_manual_SEF450.pdf;https://raw.githubusercontent.com/cooknation/fiammacatering/refs/heads/main/fiammacatering_technicalmanual_SEF450.pdf;https://raw.githubusercontent.com/cooknation/fiammacatering/refs/heads/main/fiammacatering_drawing_SEF450.pdf;https://raw.githubusercontent.com/cooknation/fiammacatering/refs/heads/main/fiammacatering_catalogue_SEF450.pdf;https://raw.githubusercontent.com/cooknation/fiammacatering/refs/heads/main/fiammacatering_photo_SEF450.jpg;https://raw.githubusercontent.com/cooknation/fiammacatering/refs/heads/main/fiammacatering_card_SEF450.pdf;https://raw.githubusercontent.com/cooknation/fiammacatering/refs/heads/main/fiammacatering_catalogue.pdf;https://raw.githubusercontent.com/cooknation/fiammacatering/refs/heads/main/fiammacatering_price.pdf
CKNFMCSEF450I;SEF450I;FIAMMA CATERING;SALAMANDER;SALAMANDER;SALAMANDER;600;mm;400;mm;455;mm;15;Kg;520;;EUR;;instock;;;;;;simple;;levels;3;;;;;;;;;;;active;https://raw.githubusercontent.com/cooknation/fiammacatering/refs/heads/main/fiammacatering_video_SEF450I.mp4;https://raw.githubusercontent.com/cooknation/fiammacatering/refs/heads/main/fiammacatering_image_SEF450I.jpg;https://raw.githubusercontent.com/cooknation/fiammacatering/refs/heads/main/fiammacatering_image_2_SEF450I.jpg;https://raw.githubusercontent.com/cooknation/fiammacatering/refs/heads/main/fiammacatering_image_3_SEF450I.jpg;https://raw.githubusercontent.com/cooknation/fiammacatering/refs/heads/main/fiammacatering_datasheet_SEF450I.pdf;https://raw.githubusercontent.com/cooknation/fiammacatering/refs/heads/main/fiammacatering_manual_SEF450I.pdf;https://raw.githubusercontent.com/cooknation/fiammacatering/refs/heads/main/fiammacatering_technicalmanual_SEF450I.pdf;https://raw.githubusercontent.com/cooknation/fiammacatering/refs/heads/main/fiammacatering_drawing_SEF450I.pdf;https://raw.githubusercontent.com/cooknation/fiammacatering/refs/heads/main/fiammacatering_catalogue_SEF450I.pdf;https://raw.githubusercontent.com/cooknation/fiammacatering/refs/heads/main/fiammacatering_photo_SEF450I.jpg;https://raw.githubusercontent.com/cooknation/fiammacatering/refs/heads/main/fiammacatering_card_SEF450I.pdf;https://raw.githubusercontent.com/cooknation/fiammacatering/refs/heads/main/fiammacatering_catalogue.pdf;https://raw.githubusercontent.com/cooknation/fiammacatering/refs/heads/main/fiammacatering_price.pdf
CKNFMCSEF650;SEF650;FIAMMA CATERING;SALAMANDER;SALAMANDER;SALAMANDER;800;mm;400;mm;455;mm;17.5;Kg;565;;EUR;;instock;;;;;;simple;;levels;3;;;;;;;;;;;active;https://raw.githubusercontent.com/cooknation/fiammacatering/refs/heads/main/fiammacatering_video_SEF650.mp4;https://raw.githubusercontent.com/cooknation/fiammacatering/refs/heads/main/fiammacatering_image_SEF650.jpg;https://raw.githubusercontent.com/cooknation/fiammacatering/refs/heads/main/fiammacatering_image_2_SEF650.jpg;https://raw.githubusercontent.com/cooknation/fiammacatering/refs/heads/main/fiammacatering_image_3_SEF650.jpg;https://raw.githubusercontent.com/cooknation/fiammacatering/refs/heads/main/fiammacatering_datasheet_SEF650.pdf;https://raw.githubusercontent.com/cooknation/fiammacatering/refs/heads/main/fiammacatering_manual_SEF650.pdf;https://raw.githubusercontent.com/cooknation/fiammacatering/refs/heads/main/fiammacatering_technicalmanual_SEF650.pdf;https://raw.githubusercontent.com/cooknation/fiammacatering/refs/heads/main/fiammacatering_drawing_SEF650.pdf;https://raw.githubusercontent.com/cooknation/fiammacatering/refs/heads/main/fiammacatering_catalogue_SEF650.pdf;https://raw.githubusercontent.com/cooknation/fiammacatering/refs/heads/main/fiammacatering_photo_SEF650.jpg;https://raw.githubusercontent.com/cooknation/fiammacatering/refs/heads/main/fiammacatering_card_SEF650.pdf;https://raw.githubusercontent.com/cooknation/fiammacatering/refs/heads/main/fiammacatering_catalogue.pdf;https://raw.githubusercontent.com/cooknation/fiammacatering/refs/heads/main/fiammacatering_price.pdf
CKNFMCSEF650I;SEF650I;FIAMMA CATERING;SALAMANDER;SALAMANDER;SALAMANDER;800;mm;400;mm;455;mm;19;Kg;640;;EUR;;instock;;;;;;simple;;levels;3;;;;;;;;;;;active;https://raw.githubusercontent.com/cooknation/fiammacatering/refs/heads/main/fiammacatering_video_SEF650I.mp4;https://raw.githubusercontent.com/cooknation/fiammacatering/refs/heads/main/fiammacatering_image_SEF650I.jpg;https://raw.githubusercontent.com/cooknation/fiammacatering/refs/heads/main/fiammacatering_image_2_SEF650I.jpg;https://raw.githubusercontent.com/cooknation/fiammacatering/refs/heads/main/fiammacatering_image_3_SEF650I.jpg;https://raw.githubusercontent.com/cooknation/fiammacatering/refs/heads/main/fiammacatering_datasheet_SEF650I.pdf;https://raw.githubusercontent.com/cooknation/fiammacatering/refs/heads/main/fiammacatering_manual_SEF650I.pdf;https://raw.githubusercontent.com/cooknation/fiammacatering/refs/heads/main/fiammacatering_technicalmanual_SEF650I.pdf;https://raw.githubusercontent.com/cooknation/fiammacatering/refs/heads/main/fiammacatering_drawing_SEF650I.pdf;https://raw.githubusercontent.com/cooknation/fiammacatering/refs/heads/main/fiammacatering_catalogue_SEF650I.pdf;https://raw.githubusercontent.com/cooknation/fiammacatering/refs/heads/main/fiammacatering_photo_SEF650I.jpg;https://raw.githubusercontent.com/cooknation/fiammacatering/refs/heads/main/fiammacatering_card_SEF650I.pdf;https://raw.githubusercontent.com/cooknation/fiammacatering/refs/heads/main/fiammacatering_catalogue.pdf;https://raw.githubusercontent.com/cooknation/fiammacatering/refs/heads/main/fiammacatering_price.pdf
CKNFMCSEF600;SEF600;FIAMMA CATERING;SALAMANDER;SALAMANDER;SALAMANDER;600;mm;640;mm;590;mm;49;Kg;2480;;EUR;;instock;;;;;;simple;;levels;adjustable upper plate;;;;;;;;;;;active;https://raw.githubusercontent.com/cooknation/fiammacatering/refs/heads/main/fiammacatering_video_SEF600.mp4;https://raw.githubusercontent.com/cooknation/fiammacatering/refs/heads/main/fiammacatering_image_SEF600.jpg;https://raw.githubusercontent.com/cooknation/fiammacatering/refs/heads/main/fiammacatering_image_2_SEF600.jpg;https://raw.githubusercontent.com/cooknation/fiammacatering/refs/heads/main/fiammacatering_image_3_SEF600.jpg;https://raw.githubusercontent.com/cooknation/fiammacatering/refs/heads/main/fiammacatering_datasheet_SEF600.pdf;https://raw.githubusercontent.com/cooknation/fiammacatering/refs/heads/main/fiammacatering_manual_SEF600.pdf;https://raw.githubusercontent.com/cooknation/fiammacatering/refs/heads/main/fiammacatering_technicalmanual_SEF600.pdf;https://raw.githubusercontent.com/cooknation/fiammacatering/refs/heads/main/fiammacatering_drawing_SEF600.pdf;https://raw.githubusercontent.com/cooknation/fiammacatering/refs/heads/main/fiammacatering_catalogue_SEF600.pdf;https://raw.githubusercontent.com/cooknation/fiammacatering/refs/heads/main/fiammacatering_photo_SEF600.jpg;https://raw.githubusercontent.com/cooknation/fiammacatering/refs/heads/main/fiammacatering_card_SEF600.pdf;https://raw.githubusercontent.com/cooknation/fiammacatering/refs/heads/main/fiammacatering_catalogue.pdf;https://raw.githubusercontent.com/cooknation/fiammacatering/refs/heads/main/fiammacatering_price.pdf
CKNFMCSGF600;SGF600;FIAMMA CATERING;SALAMANDER;SALAMANDER;SALAMANDER;600;mm;640;mm;590;mm;53;Kg;2775;;EUR;;instock;;;;;;simple;;levels;adjustable upper plate;;;;;;;;;;;active;https://raw.githubusercontent.com/cooknation/fiammacatering/refs/heads/main/fiammacatering_video_SGF600.mp4;https://raw.githubusercontent.com/cooknation/fiammacatering/refs/heads/main/fiammacatering_image_SGF600.jpg;https://raw.githubusercontent.com/cooknation/fiammacatering/refs/heads/main/fiammacatering_image_2_SGF600.jpg;https://raw.githubusercontent.com/cooknation/fiammacatering/refs/heads/main/fiammacatering_image_3_SGF600.jpg;https://raw.githubusercontent.com/cooknation/fiammacatering/refs/heads/main/fiammacatering_datasheet_SGF600.pdf;https://raw.githubusercontent.com/cooknation/fiammacatering/refs/heads/main/fiammacatering_manual_SGF600.pdf;https://raw.githubusercontent.com/cooknation/fiammacatering/refs/heads/main/fiammacatering_technicalmanual_SGF600.pdf;https://raw.githubusercontent.com/cooknation/fiammacatering/refs/heads/main/fiammacatering_drawing_SGF600.pdf;https://raw.githubusercontent.com/cooknation/fiammacatering/refs/heads/main/fiammacatering_catalogue_SGF600.pdf;https://raw.githubusercontent.com/cooknation/fiammacatering/refs/heads/main/fiammacatering_photo_SGF600.jpg;https://raw.githubusercontent.com/cooknation/fiammacatering/refs/heads/main/fiammacatering_card_SGF600.pdf;https://raw.githubusercontent.com/cooknation/fiammacatering/refs/heads/main/fiammacatering_catalogue.pdf;https://raw.githubusercontent.com/cooknation/fiammacatering/refs/heads/main/fiammacatering_price.pdf
CKNFMCSEF600Q;SEF600Q;FIAMMA CATERING;SALAMANDER;SALAMANDER;SALAMANDER;600;mm;640;mm;590;mm;56;Kg;3660;;EUR;;instock;;;;;;simple;;levels;adjustable upper plate;;;;;;;;;;;active;https://raw.githubusercontent.com/cooknation/fiammacatering/refs/heads/main/fiammacatering_video_SEF600Q.mp4;https://raw.githubusercontent.com/cooknation/fiammacatering/refs/heads/main/fiammacatering_image_SEF600Q.jpg;https://raw.githubusercontent.com/cooknation/fiammacatering/refs/heads/main/fiammacatering_image_2_SEF600Q.jpg;https://raw.githubusercontent.com/cooknation/fiammacatering/refs/heads/main/fiammacatering_image_3_SEF600Q.jpg;https://raw.githubusercontent.com/cooknation/fiammacatering/refs/heads/main/fiammacatering_datasheet_SEF600Q.pdf;https://raw.githubusercontent.com/cooknation/fiammacatering/refs/heads/main/fiammacatering_manual_SEF600Q.pdf;https://raw.githubusercontent.com/cooknation/fiammacatering/refs/heads/main/fiammacatering_technicalmanual_SEF600Q.pdf;https://raw.githubusercontent.com/cooknation/fiammacatering/refs/heads/main/fiammacatering_drawing_SEF600Q.pdf;https://raw.githubusercontent.com/cooknation/fiammacatering/refs/heads/main/fiammacatering_catalogue_SEF600Q.pdf;https://raw.githubusercontent.com/cooknation/fiammacatering/refs/heads/main/fiammacatering_photo_SEF600Q.jpg;https://raw.githubusercontent.com/cooknation/fiammacatering/refs/heads/main/fiammacatering_card_SEF600Q.pdf;https://raw.githubusercontent.com/cooknation/fiammacatering/refs/heads/main/fiammacatering_catalogue.pdf;https://raw.githubusercontent.com/cooknation/fiammacatering/refs/heads/main/fiammacatering_price.pdf
CKNFMCSEF800Q;SEF800Q;FIAMMA CATERING;SALAMANDER;SALAMANDER;SALAMANDER;800;mm;640;mm;590;mm;60;Kg;4985;;EUR;;instock;;;;;;simple;;levels;adjustable upper plate;;;;;;;;;;;active;https://raw.githubusercontent.com/cooknation/fiammacatering/refs/heads/main/fiammacatering_video_SEF800Q.mp4;https://raw.githubusercontent.com/cooknation/fiammacatering/refs/heads/main/fiammacatering_image_SEF800Q.jpg;https://raw.githubusercontent.com/cooknation/fiammacatering/refs/heads/main/fiammacatering_image_2_SEF800Q.jpg;https://raw.githubusercontent.com/cooknation/fiammacatering/refs/heads/main/fiammacatering_image_3_SEF800Q.jpg;https://raw.githubusercontent.com/cooknation/fiammacatering/refs/heads/main/fiammacatering_datasheet_SEF800Q.pdf;https://raw.githubusercontent.com/cooknation/fiammacatering/refs/heads/main/fiammacatering_manual_SEF800Q.pdf;https://raw.githubusercontent.com/cooknation/fiammacatering/refs/heads/main/fiammacatering_technicalmanual_SEF800Q.pdf;https://raw.githubusercontent.com/cooknation/fiammacatering/refs/heads/main/fiammacatering_drawing_SEF800Q.pdf;https://raw.githubusercontent.com/cooknation/fiammacatering/refs/heads/main/fiammacatering_catalogue_SEF800Q.pdf;https://raw.githubusercontent.com/cooknation/fiammacatering/refs/heads/main/fiammacatering_photo_SEF800Q.jpg;https://raw.githubusercontent.com/cooknation/fiammacatering/refs/heads/main/fiammacatering_card_SEF800Q.pdf;https://raw.githubusercontent.com/cooknation/fiammacatering/refs/heads/main/fiammacatering_catalogue.pdf;https://raw.githubusercontent.com/cooknation/fiammacatering/refs/heads/main/fiammacatering_price.pdf
CKNFMCMTS211;MTS211;FIAMMA CATERING;TOASTER;TOASTER;TOASTER;685;mm;396;mm;452;mm;22;Kg;700;;EUR;;instock;;;;;;simple;;capacity;2 x 12 units;;;;;;;;;;;active;https://raw.githubusercontent.com/cooknation/fiammacatering/refs/heads/main/fiammacatering_video_MTS211.mp4;https://raw.githubusercontent.com/cooknation/fiammacatering/refs/heads/main/fiammacatering_image_MTS211.jpg;https://raw.githubusercontent.com/cooknation/fiammacatering/refs/heads/main/fiammacatering_image_2_MTS211.jpg;https://raw.githubusercontent.com/cooknation/fiammacatering/refs/heads/main/fiammacatering_image_3_MTS211.jpg;https://raw.githubusercontent.com/cooknation/fiammacatering/refs/heads/main/fiammacatering_datasheet_MTS211.pdf;https://raw.githubusercontent.com/cooknation/fiammacatering/refs/heads/main/fiammacatering_manual_MTS211.pdf;https://raw.githubusercontent.com/cooknation/fiammacatering/refs/heads/main/fiammacatering_technicalmanual_MTS211.pdf;https://raw.githubusercontent.com/cooknation/fiammacatering/refs/heads/main/fiammacatering_drawing_MTS211.pdf;https://raw.githubusercontent.com/cooknation/fiammacatering/refs/heads/main/fiammacatering_catalogue_MTS211.pdf;https://raw.githubusercontent.com/cooknation/fiammacatering/refs/heads/main/fiammacatering_photo_MTS211.jpg;https://raw.githubusercontent.com/cooknation/fiammacatering/refs/heads/main/fiammacatering_card_MTS211.pdf;https://raw.githubusercontent.com/cooknation/fiammacatering/refs/heads/main/fiammacatering_catalogue.pdf;https://raw.githubusercontent.com/cooknation/fiammacatering/refs/heads/main/fiammacatering_price.pdf
CKNFMCTOSTIS5;TOSTIS5;FIAMMA CATERING;TOASTER;TOASTER;TOASTER;525;mm;305;mm;325;mm;8.2;Kg;290;;EUR;;instock;;;;;;simple;;capacity;6 units;;;;;;;;;;;active;https://raw.githubusercontent.com/cooknation/fiammacatering/refs/heads/main/fiammacatering_video_TOSTIS5.mp4;https://raw.githubusercontent.com/cooknation/fiammacatering/refs/heads/main/fiammacatering_image_TOSTIS5.jpg;https://raw.githubusercontent.com/cooknation/fiammacatering/refs/heads/main/fiammacatering_image_2_TOSTIS5.jpg;https://raw.githubusercontent.com/cooknation/fiammacatering/refs/heads/main/fiammacatering_image_3_TOSTIS5.jpg;https://raw.githubusercontent.com/cooknation/fiammacatering/refs/heads/main/fiammacatering_datasheet_TOSTIS5.pdf;https://raw.githubusercontent.com/cooknation/fiammacatering/refs/heads/main/fiammacatering_manual_TOSTIS5.pdf;https://raw.githubusercontent.com/cooknation/fiammacatering/refs/heads/main/fiammacatering_technicalmanual_TOSTIS5.pdf;https://raw.githubusercontent.com/cooknation/fiammacatering/refs/heads/main/fiammacatering_drawing_TOSTIS5.pdf;https://raw.githubusercontent.com/cooknation/fiammacatering/refs/heads/main/fiammacatering_catalogue_TOSTIS5.pdf;https://raw.githubusercontent.com/cooknation/fiammacatering/refs/heads/main/fiammacatering_photo_TOSTIS5.jpg;https://raw.githubusercontent.com/cooknation/fiammacatering/refs/heads/main/fiammacatering_card_TOSTIS5.pdf;https://raw.githubusercontent.com/cooknation/fiammacatering/refs/heads/main/fiammacatering_catalogue.pdf;https://raw.githubusercontent.com/cooknation/fiammacatering/refs/heads/main/fiammacatering_price.pdf
CKNFMCTOSTID5;TOSTID5;FIAMMA CATERING;TOASTER;TOASTER;TOASTER;525;mm;305;mm;445;mm;10.4;Kg;345;;EUR;;instock;;;;;;simple;;capacity;2 x 6 units;;;;;;;;;;;active;https://raw.githubusercontent.com/cooknation/fiammacatering/refs/heads/main/fiammacatering_video_TOSTID5.mp4;https://raw.githubusercontent.com/cooknation/fiammacatering/refs/heads/main/fiammacatering_image_TOSTID5.jpg;https://raw.githubusercontent.com/cooknation/fiammacatering/refs/heads/main/fiammacatering_image_2_TOSTID5.jpg;https://raw.githubusercontent.com/cooknation/fiammacatering/refs/heads/main/fiammacatering_image_3_TOSTID5.jpg;https://raw.githubusercontent.com/cooknation/fiammacatering/refs/heads/main/fiammacatering_datasheet_TOSTID5.pdf;https://raw.githubusercontent.com/cooknation/fiammacatering/refs/heads/main/fiammacatering_manual_TOSTID5.pdf;https://raw.githubusercontent.com/cooknation/fiammacatering/refs/heads/main/fiammacatering_technicalmanual_TOSTID5.pdf;https://raw.githubusercontent.com/cooknation/fiammacatering/refs/heads/main/fiammacatering_drawing_TOSTID5.pdf;https://raw.githubusercontent.com/cooknation/fiammacatering/refs/heads/main/fiammacatering_catalogue_TOSTID5.pdf;https://raw.githubusercontent.com/cooknation/fiammacatering/refs/heads/main/fiammacatering_photo_TOSTID5.jpg;https://raw.githubusercontent.com/cooknation/fiammacatering/refs/heads/main/fiammacatering_card_TOSTID5.pdf;https://raw.githubusercontent.com/cooknation/fiammacatering/refs/heads/main/fiammacatering_catalogue.pdf;https://raw.githubusercontent.com/cooknation/fiammacatering/refs/heads/main/fiammacatering_price.pdf
CKNFMCTRS204;TRS204;FIAMMA CATERING;TOASTER;TOASTER;TOASTER;525;mm;305;mm;325;mm;8.2;Kg;310;;EUR;;instock;;;;;;simple;;capacity;6 units;;;;;;;;;;;active;https://raw.githubusercontent.com/cooknation/fiammacatering/refs/heads/main/fiammacatering_video_TRS204.mp4;https://raw.githubusercontent.com/cooknation/fiammacatering/refs/heads/main/fiammacatering_image_TRS204.jpg;https://raw.githubusercontent.com/cooknation/fiammacatering/refs/heads/main/fiammacatering_image_2_TRS204.jpg;https://raw.githubusercontent.com/cooknation/fiammacatering/refs/heads/main/fiammacatering_image_3_TRS204.jpg;https://raw.githubusercontent.com/cooknation/fiammacatering/refs/heads/main/fiammacatering_datasheet_TRS204.pdf;https://raw.githubusercontent.com/cooknation/fiammacatering/refs/heads/main/fiammacatering_manual_TRS204.pdf;https://raw.githubusercontent.com/cooknation/fiammacatering/refs/heads/main/fiammacatering_technicalmanual_TRS204.pdf;https://raw.githubusercontent.com/cooknation/fiammacatering/refs/heads/main/fiammacatering_drawing_TRS204.pdf;https://raw.githubusercontent.com/cooknation/fiammacatering/refs/heads/main/fiammacatering_catalogue_TRS204.pdf;https://raw.githubusercontent.com/cooknation/fiammacatering/refs/heads/main/fiammacatering_photo_TRS204.jpg;https://raw.githubusercontent.com/cooknation/fiammacatering/refs/heads/main/fiammacatering_card_TRS204.pdf;https://raw.githubusercontent.com/cooknation/fiammacatering/refs/heads/main/fiammacatering_catalogue.pdf;https://raw.githubusercontent.com/cooknation/fiammacatering/refs/heads/main/fiammacatering_price.pdf
CKNFMCTRD304;TRD304;FIAMMA CATERING;TOASTER;TOASTER;TOASTER;525;mm;305;mm;445;mm;10.4;Kg;375;;EUR;;instock;;;;;;simple;;capacity;2 x 6 units;;;;;;;;;;;active;https://raw.githubusercontent.com/cooknation/fiammacatering/refs/heads/main/fiammacatering_video_TRD304.mp4;https://raw.githubusercontent.com/cooknation/fiammacatering/refs/heads/main/fiammacatering_image_TRD304.jpg;https://raw.githubusercontent.com/cooknation/fiammacatering/refs/heads/main/fiammacatering_image_2_TRD304.jpg;https://raw.githubusercontent.com/cooknation/fiammacatering/refs/heads/main/fiammacatering_image_3_TRD304.jpg;https://raw.githubusercontent.com/cooknation/fiammacatering/refs/heads/main/fiammacatering_datasheet_TRD304.pdf;https://raw.githubusercontent.com/cooknation/fiammacatering/refs/heads/main/fiammacatering_manual_TRD304.pdf;https://raw.githubusercontent.com/cooknation/fiammacatering/refs/heads/main/fiammacatering_technicalmanual_TRD304.pdf;https://raw.githubusercontent.com/cooknation/fiammacatering/refs/heads/main/fiammacatering_drawing_TRD304.pdf;https://raw.githubusercontent.com/cooknation/fiammacatering/refs/heads/main/fiammacatering_catalogue_TRD304.pdf;https://raw.githubusercontent.com/cooknation/fiammacatering/refs/heads/main/fiammacatering_photo_TRD304.jpg;https://raw.githubusercontent.com/cooknation/fiammacatering/refs/heads/main/fiammacatering_card_TRD304.pdf;https://raw.githubusercontent.com/cooknation/fiammacatering/refs/heads/main/fiammacatering_catalogue.pdf;https://raw.githubusercontent.com/cooknation/fiammacatering/refs/heads/main/fiammacatering_price.pdf
CKNFMCBMF11ET;BMF11ET;FIAMMA CATERING;BAIN MARIE;BAIN MARIE;BAIN MARIE;350;mm;620;mm;305;mm;10;Kg;400;;EUR;;instock;;;;;;simple;;capacity;GN 1/1, h=163 mm;;;;;;;;;;;active;https://raw.githubusercontent.com/cooknation/fiammacatering/refs/heads/main/fiammacatering_video_BMF11ET.mp4;https://raw.githubusercontent.com/cooknation/fiammacatering/refs/heads/main/fiammacatering_image_BMF11ET.jpg;https://raw.githubusercontent.com/cooknation/fiammacatering/refs/heads/main/fiammacatering_image_2_BMF11ET.jpg;https://raw.githubusercontent.com/cooknation/fiammacatering/refs/heads/main/fiammacatering_image_3_BMF11ET.jpg;https://raw.githubusercontent.com/cooknation/fiammacatering/refs/heads/main/fiammacatering_datasheet_BMF11ET.pdf;https://raw.githubusercontent.com/cooknation/fiammacatering/refs/heads/main/fiammacatering_manual_BMF11ET.pdf;https://raw.githubusercontent.com/cooknation/fiammacatering/refs/heads/main/fiammacatering_technicalmanual_BMF11ET.pdf;https://raw.githubusercontent.com/cooknation/fiammacatering/refs/heads/main/fiammacatering_drawing_BMF11ET.pdf;https://raw.githubusercontent.com/cooknation/fiammacatering/refs/heads/main/fiammacatering_catalogue_BMF11ET.pdf;https://raw.githubusercontent.com/cooknation/fiammacatering/refs/heads/main/fiammacatering_photo_BMF11ET.jpg;https://raw.githubusercontent.com/cooknation/fiammacatering/refs/heads/main/fiammacatering_card_BMF11ET.pdf;https://raw.githubusercontent.com/cooknation/fiammacatering/refs/heads/main/fiammacatering_catalogue.pdf;https://raw.githubusercontent.com/cooknation/fiammacatering/refs/heads/main/fiammacatering_price.pdf
CKNFMCBMF11GSP;BMF11GSP;FIAMMA CATERING;BAIN MARIE;BAIN MARIE;BAIN MARIE;365;mm;575;mm;305;mm;12.5;Kg;420;;EUR;;instock;;;;;;simple;;capacity;GN 1/1, h=163 mm;;;;;;;;;;;active;https://raw.githubusercontent.com/cooknation/fiammacatering/refs/heads/main/fiammacatering_video_BMF11GSP.mp4;https://raw.githubusercontent.com/cooknation/fiammacatering/refs/heads/main/fiammacatering_image_BMF11GSP.jpg;https://raw.githubusercontent.com/cooknation/fiammacatering/refs/heads/main/fiammacatering_image_2_BMF11GSP.jpg;https://raw.githubusercontent.com/cooknation/fiammacatering/refs/heads/main/fiammacatering_image_3_BMF11GSP.jpg;https://raw.githubusercontent.com/cooknation/fiammacatering/refs/heads/main/fiammacatering_datasheet_BMF11GSP.pdf;https://raw.githubusercontent.com/cooknation/fiammacatering/refs/heads/main/fiammacatering_manual_BMF11GSP.pdf;https://raw.githubusercontent.com/cooknation/fiammacatering/refs/heads/main/fiammacatering_technicalmanual_BMF11GSP.pdf;https://raw.githubusercontent.com/cooknation/fiammacatering/refs/heads/main/fiammacatering_drawing_BMF11GSP.pdf;https://raw.githubusercontent.com/cooknation/fiammacatering/refs/heads/main/fiammacatering_catalogue_BMF11GSP.pdf;https://raw.githubusercontent.com/cooknation/fiammacatering/refs/heads/main/fiammacatering_photo_BMF11GSP.jpg;https://raw.githubusercontent.com/cooknation/fiammacatering/refs/heads/main/fiammacatering_card_BMF11GSP.pdf;https://raw.githubusercontent.com/cooknation/fiammacatering/refs/heads/main/fiammacatering_catalogue.pdf;https://raw.githubusercontent.com/cooknation/fiammacatering/refs/heads/main/fiammacatering_price.pdf
CKNFMCTLF6;TLF6;FIAMMA CATERING;THERMOS;THERMOS;THERMOS;280;mm;360;mm;530;mm;10;Kg;670;;EUR;;instock;;;;;;simple;;capacity;6 liters;;;;;;;;;;;active;https://raw.githubusercontent.com/cooknation/fiammacatering/refs/heads/main/fiammacatering_video_TLF6.mp4;https://raw.githubusercontent.com/cooknation/fiammacatering/refs/heads/main/fiammacatering_image_TLF6.jpg;https://raw.githubusercontent.com/cooknation/fiammacatering/refs/heads/main/fiammacatering_image_2_TLF6.jpg;https://raw.githubusercontent.com/cooknation/fiammacatering/refs/heads/main/fiammacatering_image_3_TLF6.jpg;https://raw.githubusercontent.com/cooknation/fiammacatering/refs/heads/main/fiammacatering_datasheet_TLF6.pdf;https://raw.githubusercontent.com/cooknation/fiammacatering/refs/heads/main/fiammacatering_manual_TLF6.pdf;https://raw.githubusercontent.com/cooknation/fiammacatering/refs/heads/main/fiammacatering_technicalmanual_TLF6.pdf;https://raw.githubusercontent.com/cooknation/fiammacatering/refs/heads/main/fiammacatering_drawing_TLF6.pdf;https://raw.githubusercontent.com/cooknation/fiammacatering/refs/heads/main/fiammacatering_catalogue_TLF6.pdf;https://raw.githubusercontent.com/cooknation/fiammacatering/refs/heads/main/fiammacatering_photo_TLF6.jpg;https://raw.githubusercontent.com/cooknation/fiammacatering/refs/heads/main/fiammacatering_card_TLF6.pdf;https://raw.githubusercontent.com/cooknation/fiammacatering/refs/heads/main/fiammacatering_catalogue.pdf;https://raw.githubusercontent.com/cooknation/fiammacatering/refs/heads/main/fiammacatering_price.pdf
CKNFMCWB1030;WB1030;FIAMMA CATERING;THERMOS;THERMOS;THERMOS;248;mm;503;mm;593;mm;13.5;Kg;885;;EUR;;instock;;;;;;simple;;capacity;10 liters;;;;;;;;;;;active;https://raw.githubusercontent.com/cooknation/fiammacatering/refs/heads/main/fiammacatering_video_WB1030.mp4;https://raw.githubusercontent.com/cooknation/fiammacatering/refs/heads/main/fiammacatering_image_WB1030.jpg;https://raw.githubusercontent.com/cooknation/fiammacatering/refs/heads/main/fiammacatering_image_2_WB1030.jpg;https://raw.githubusercontent.com/cooknation/fiammacatering/refs/heads/main/fiammacatering_image_3_WB1030.jpg;https://raw.githubusercontent.com/cooknation/fiammacatering/refs/heads/main/fiammacatering_datasheet_WB1030.pdf;https://raw.githubusercontent.com/cooknation/fiammacatering/refs/heads/main/fiammacatering_manual_WB1030.pdf;https://raw.githubusercontent.com/cooknation/fiammacatering/refs/heads/main/fiammacatering_technicalmanual_WB1030.pdf;https://raw.githubusercontent.com/cooknation/fiammacatering/refs/heads/main/fiammacatering_drawing_WB1030.pdf;https://raw.githubusercontent.com/cooknation/fiammacatering/refs/heads/main/fiammacatering_catalogue_WB1030.pdf;https://raw.githubusercontent.com/cooknation/fiammacatering/refs/heads/main/fiammacatering_photo_WB1030.jpg;https://raw.githubusercontent.com/cooknation/fiammacatering/refs/heads/main/fiammacatering_card_WB1030.pdf;https://raw.githubusercontent.com/cooknation/fiammacatering/refs/heads/main/fiammacatering_catalogue.pdf;https://raw.githubusercontent.com/cooknation/fiammacatering/refs/heads/main/fiammacatering_price.pdf
CKNFMCF100;F100;FIAMMA CATERING;COFFEE BREWER;COFFEE BREWER;COFFEE BREWER;196;mm;360;mm;430;mm;1.9;Kg;420;;EUR;;instock;;;;;;simple;;filling;Manual;;;;;;;;;;;active;https://raw.githubusercontent.com/cooknation/fiammacatering/refs/heads/main/fiammacatering_video_F100.mp4;https://raw.githubusercontent.com/cooknation/fiammacatering/refs/heads/main/fiammacatering_image_F100.jpg;https://raw.githubusercontent.com/cooknation/fiammacatering/refs/heads/main/fiammacatering_image_2_F100.jpg;https://raw.githubusercontent.com/cooknation/fiammacatering/refs/heads/main/fiammacatering_image_3_F100.jpg;https://raw.githubusercontent.com/cooknation/fiammacatering/refs/heads/main/fiammacatering_datasheet_F100.pdf;https://raw.githubusercontent.com/cooknation/fiammacatering/refs/heads/main/fiammacatering_manual_F100.pdf;https://raw.githubusercontent.com/cooknation/fiammacatering/refs/heads/main/fiammacatering_technicalmanual_F100.pdf;https://raw.githubusercontent.com/cooknation/fiammacatering/refs/heads/main/fiammacatering_drawing_F100.pdf;https://raw.githubusercontent.com/cooknation/fiammacatering/refs/heads/main/fiammacatering_catalogue_F100.pdf;https://raw.githubusercontent.com/cooknation/fiammacatering/refs/heads/main/fiammacatering_photo_F100.jpg;https://raw.githubusercontent.com/cooknation/fiammacatering/refs/heads/main/fiammacatering_card_F100.pdf;https://raw.githubusercontent.com/cooknation/fiammacatering/refs/heads/main/fiammacatering_catalogue.pdf;https://raw.githubusercontent.com/cooknation/fiammacatering/refs/heads/main/fiammacatering_price.pdf
CKNFMCF200;F200;FIAMMA CATERING;COFFEE BREWER;COFFEE BREWER;COFFEE BREWER;196;mm;360;mm;430;mm;1.9;Kg;545;;EUR;;instock;;;;;;simple;;filling;Automatic;;;;;;;;;;;active;https://raw.githubusercontent.com/cooknation/fiammacatering/refs/heads/main/fiammacatering_video_F200.mp4;https://raw.githubusercontent.com/cooknation/fiammacatering/refs/heads/main/fiammacatering_image_F200.jpg;https://raw.githubusercontent.com/cooknation/fiammacatering/refs/heads/main/fiammacatering_image_2_F200.jpg;https://raw.githubusercontent.com/cooknation/fiammacatering/refs/heads/main/fiammacatering_image_3_F200.jpg;https://raw.githubusercontent.com/cooknation/fiammacatering/refs/heads/main/fiammacatering_datasheet_F200.pdf;https://raw.githubusercontent.com/cooknation/fiammacatering/refs/heads/main/fiammacatering_manual_F200.pdf;https://raw.githubusercontent.com/cooknation/fiammacatering/refs/heads/main/fiammacatering_technicalmanual_F200.pdf;https://raw.githubusercontent.com/cooknation/fiammacatering/refs/heads/main/fiammacatering_drawing_F200.pdf;https://raw.githubusercontent.com/cooknation/fiammacatering/refs/heads/main/fiammacatering_catalogue_F200.pdf;https://raw.githubusercontent.com/cooknation/fiammacatering/refs/heads/main/fiammacatering_photo_F200.jpg;https://raw.githubusercontent.com/cooknation/fiammacatering/refs/heads/main/fiammacatering_card_F200.pdf;https://raw.githubusercontent.com/cooknation/fiammacatering/refs/heads/main/fiammacatering_catalogue.pdf;https://raw.githubusercontent.com/cooknation/fiammacatering/refs/heads/main/fiammacatering_price.pdf
CKNFMCT100;T100;FIAMMA CATERING;COFFEE BREWER;COFFEE BREWER;COFFEE BREWER;196;mm;360;mm;563;mm;8.4;Kg;480;;EUR;;instock;;;;;;simple;;filling;Manual;;;;;;;;;;;active;https://raw.githubusercontent.com/cooknation/fiammacatering/refs/heads/main/fiammacatering_video_T100.mp4;https://raw.githubusercontent.com/cooknation/fiammacatering/refs/heads/main/fiammacatering_image_T100.jpg;https://raw.githubusercontent.com/cooknation/fiammacatering/refs/heads/main/fiammacatering_image_2_T100.jpg;https://raw.githubusercontent.com/cooknation/fiammacatering/refs/heads/main/fiammacatering_image_3_T100.jpg;https://raw.githubusercontent.com/cooknation/fiammacatering/refs/heads/main/fiammacatering_datasheet_T100.pdf;https://raw.githubusercontent.com/cooknation/fiammacatering/refs/heads/main/fiammacatering_manual_T100.pdf;https://raw.githubusercontent.com/cooknation/fiammacatering/refs/heads/main/fiammacatering_technicalmanual_T100.pdf;https://raw.githubusercontent.com/cooknation/fiammacatering/refs/heads/main/fiammacatering_drawing_T100.pdf;https://raw.githubusercontent.com/cooknation/fiammacatering/refs/heads/main/fiammacatering_catalogue_T100.pdf;https://raw.githubusercontent.com/cooknation/fiammacatering/refs/heads/main/fiammacatering_photo_T100.jpg;https://raw.githubusercontent.com/cooknation/fiammacatering/refs/heads/main/fiammacatering_card_T100.pdf;https://raw.githubusercontent.com/cooknation/fiammacatering/refs/heads/main/fiammacatering_catalogue.pdf;https://raw.githubusercontent.com/cooknation/fiammacatering/refs/heads/main/fiammacatering_price.pdf
CKNFMCT200;T200;FIAMMA CATERING;COFFEE BREWER;COFFEE BREWER;COFFEE BREWER;196;mm;360;mm;563;mm;8.4;Kg;605;;EUR;;instock;;;;;;simple;;filling;Automatic;;;;;;;;;;;active;https://raw.githubusercontent.com/cooknation/fiammacatering/refs/heads/main/fiammacatering_video_T200.mp4;https://raw.githubusercontent.com/cooknation/fiammacatering/refs/heads/main/fiammacatering_image_T200.jpg;https://raw.githubusercontent.com/cooknation/fiammacatering/refs/heads/main/fiammacatering_image_2_T200.jpg;https://raw.githubusercontent.com/cooknation/fiammacatering/refs/heads/main/fiammacatering_image_3_T200.jpg;https://raw.githubusercontent.com/cooknation/fiammacatering/refs/heads/main/fiammacatering_datasheet_T200.pdf;https://raw.githubusercontent.com/cooknation/fiammacatering/refs/heads/main/fiammacatering_manual_T200.pdf;https://raw.githubusercontent.com/cooknation/fiammacatering/refs/heads/main/fiammacatering_technicalmanual_T200.pdf;https://raw.githubusercontent.com/cooknation/fiammacatering/refs/heads/main/fiammacatering_drawing_T200.pdf;https://raw.githubusercontent.com/cooknation/fiammacatering/refs/heads/main/fiammacatering_catalogue_T200.pdf;https://raw.githubusercontent.com/cooknation/fiammacatering/refs/heads/main/fiammacatering_photo_T200.jpg;https://raw.githubusercontent.com/cooknation/fiammacatering/refs/heads/main/fiammacatering_card_T200.pdf;https://raw.githubusercontent.com/cooknation/fiammacatering/refs/heads/main/fiammacatering_catalogue.pdf;https://raw.githubusercontent.com/cooknation/fiammacatering/refs/heads/main/fiammacatering_price.pdf
CKNFMCC100;C100;FIAMMA CATERING;COFFEE BREWER;COFFEE BREWER;COFFEE BREWER;284;mm;452;mm;678;mm;12;Kg;855;;EUR;;instock;;;;;;simple;;filling;Manual;;;;;;;;;;;active;https://raw.githubusercontent.com/cooknation/fiammacatering/refs/heads/main/fiammacatering_video_C100.mp4;https://raw.githubusercontent.com/cooknation/fiammacatering/refs/heads/main/fiammacatering_image_C100.jpg;https://raw.githubusercontent.com/cooknation/fiammacatering/refs/heads/main/fiammacatering_image_2_C100.jpg;https://raw.githubusercontent.com/cooknation/fiammacatering/refs/heads/main/fiammacatering_image_3_C100.jpg;https://raw.githubusercontent.com/cooknation/fiammacatering/refs/heads/main/fiammacatering_datasheet_C100.pdf;https://raw.githubusercontent.com/cooknation/fiammacatering/refs/heads/main/fiammacatering_manual_C100.pdf;https://raw.githubusercontent.com/cooknation/fiammacatering/refs/heads/main/fiammacatering_technicalmanual_C100.pdf;https://raw.githubusercontent.com/cooknation/fiammacatering/refs/heads/main/fiammacatering_drawing_C100.pdf;https://raw.githubusercontent.com/cooknation/fiammacatering/refs/heads/main/fiammacatering_catalogue_C100.pdf;https://raw.githubusercontent.com/cooknation/fiammacatering/refs/heads/main/fiammacatering_photo_C100.jpg;https://raw.githubusercontent.com/cooknation/fiammacatering/refs/heads/main/fiammacatering_card_C100.pdf;https://raw.githubusercontent.com/cooknation/fiammacatering/refs/heads/main/fiammacatering_catalogue.pdf;https://raw.githubusercontent.com/cooknation/fiammacatering/refs/heads/main/fiammacatering_price.pdf
CKNFMCC200;C200;FIAMMA CATERING;COFFEE BREWER;COFFEE BREWER;COFFEE BREWER;284;mm;452;mm;678;mm;12;Kg;995;;EUR;;instock;;;;;;simple;;filling;Automatic;;;;;;;;;;;active;https://raw.githubusercontent.com/cooknation/fiammacatering/refs/heads/main/fiammacatering_video_C200.mp4;https://raw.githubusercontent.com/cooknation/fiammacatering/refs/heads/main/fiammacatering_image_C200.jpg;https://raw.githubusercontent.com/cooknation/fiammacatering/refs/heads/main/fiammacatering_image_2_C200.jpg;https://raw.githubusercontent.com/cooknation/fiammacatering/refs/heads/main/fiammacatering_image_3_C200.jpg;https://raw.githubusercontent.com/cooknation/fiammacatering/refs/heads/main/fiammacatering_datasheet_C200.pdf;https://raw.githubusercontent.com/cooknation/fiammacatering/refs/heads/main/fiammacatering_manual_C200.pdf;https://raw.githubusercontent.com/cooknation/fiammacatering/refs/heads/main/fiammacatering_technicalmanual_C200.pdf;https://raw.githubusercontent.com/cooknation/fiammacatering/refs/heads/main/fiammacatering_drawing_C200.pdf;https://raw.githubusercontent.com/cooknation/fiammacatering/refs/heads/main/fiammacatering_catalogue_C200.pdf;https://raw.githubusercontent.com/cooknation/fiammacatering/refs/heads/main/fiammacatering_photo_C200.jpg;https://raw.githubusercontent.com/cooknation/fiammacatering/refs/heads/main/fiammacatering_card_C200.pdf;https://raw.githubusercontent.com/cooknation/fiammacatering/refs/heads/main/fiammacatering_catalogue.pdf;https://raw.githubusercontent.com/cooknation/fiammacatering/refs/heads/main/fiammacatering_price.pdf
CKNFMCW2;W2;FIAMMA CATERING;COFFEE BREWER;COFFEE BREWER;COFFEE BREWER;380;mm;220;mm;78;mm;1.9;Kg;120;;EUR;;instock;;;;;;simple;;filling;-;;;;;;;;;;;active;https://raw.githubusercontent.com/cooknation/fiammacatering/refs/heads/main/fiammacatering_video_W2.mp4;https://raw.githubusercontent.com/cooknation/fiammacatering/refs/heads/main/fiammacatering_image_W2.jpg;https://raw.githubusercontent.com/cooknation/fiammacatering/refs/heads/main/fiammacatering_image_2_W2.jpg;https://raw.githubusercontent.com/cooknation/fiammacatering/refs/heads/main/fiammacatering_image_3_W2.jpg;https://raw.githubusercontent.com/cooknation/fiammacatering/refs/heads/main/fiammacatering_datasheet_W2.pdf;https://raw.githubusercontent.com/cooknation/fiammacatering/refs/heads/main/fiammacatering_manual_W2.pdf;https://raw.githubusercontent.com/cooknation/fiammacatering/refs/heads/main/fiammacatering_technicalmanual_W2.pdf;https://raw.githubusercontent.com/cooknation/fiammacatering/refs/heads/main/fiammacatering_drawing_W2.pdf;https://raw.githubusercontent.com/cooknation/fiammacatering/refs/heads/main/fiammacatering_catalogue_W2.pdf;https://raw.githubusercontent.com/cooknation/fiammacatering/refs/heads/main/fiammacatering_photo_W2.jpg;https://raw.githubusercontent.com/cooknation/fiammacatering/refs/heads/main/fiammacatering_card_W2.pdf;https://raw.githubusercontent.com/cooknation/fiammacatering/refs/heads/main/fiammacatering_catalogue.pdf;https://raw.githubusercontent.com/cooknation/fiammacatering/refs/heads/main/fiammacatering_price.pdf
CKNFMCCI163;CI163;FIAMMA CATERING;INSECT KILLER;INSECT KILLER;INSECT KILLER;490;mm;312;mm;200;mm;3.3;Kg;170;;EUR;;instock;;;;;;simple;;Coverage;100-120 mq;;;;;;;;;;;active;https://raw.githubusercontent.com/cooknation/fiammacatering/refs/heads/main/fiammacatering_video_CI163.mp4;https://raw.githubusercontent.com/cooknation/fiammacatering/refs/heads/main/fiammacatering_image_CI163.jpg;https://raw.githubusercontent.com/cooknation/fiammacatering/refs/heads/main/fiammacatering_image_2_CI163.jpg;https://raw.githubusercontent.com/cooknation/fiammacatering/refs/heads/main/fiammacatering_image_3_CI163.jpg;https://raw.githubusercontent.com/cooknation/fiammacatering/refs/heads/main/fiammacatering_datasheet_CI163.pdf;https://raw.githubusercontent.com/cooknation/fiammacatering/refs/heads/main/fiammacatering_manual_CI163.pdf;https://raw.githubusercontent.com/cooknation/fiammacatering/refs/heads/main/fiammacatering_technicalmanual_CI163.pdf;https://raw.githubusercontent.com/cooknation/fiammacatering/refs/heads/main/fiammacatering_drawing_CI163.pdf;https://raw.githubusercontent.com/cooknation/fiammacatering/refs/heads/main/fiammacatering_catalogue_CI163.pdf;https://raw.githubusercontent.com/cooknation/fiammacatering/refs/heads/main/fiammacatering_photo_CI163.jpg;https://raw.githubusercontent.com/cooknation/fiammacatering/refs/heads/main/fiammacatering_card_CI163.pdf;https://raw.githubusercontent.com/cooknation/fiammacatering/refs/heads/main/fiammacatering_catalogue.pdf;https://raw.githubusercontent.com/cooknation/fiammacatering/refs/heads/main/fiammacatering_price.pdf
CKNFMCCI62;CI62;FIAMMA CATERING;INSECT KILLER;INSECT KILLER;INSECT KILLER;260;mm;245;mm;145;mm;1.7;Kg;145;;EUR;;instock;;;;;;simple;;Coverage;50-60 mq;;;;;;;;;;;active;https://raw.githubusercontent.com/cooknation/fiammacatering/refs/heads/main/fiammacatering_video_CI62.mp4;https://raw.githubusercontent.com/cooknation/fiammacatering/refs/heads/main/fiammacatering_image_CI62.jpg;https://raw.githubusercontent.com/cooknation/fiammacatering/refs/heads/main/fiammacatering_image_2_CI62.jpg;https://raw.githubusercontent.com/cooknation/fiammacatering/refs/heads/main/fiammacatering_image_3_CI62.jpg;https://raw.githubusercontent.com/cooknation/fiammacatering/refs/heads/main/fiammacatering_datasheet_CI62.pdf;https://raw.githubusercontent.com/cooknation/fiammacatering/refs/heads/main/fiammacatering_manual_CI62.pdf;https://raw.githubusercontent.com/cooknation/fiammacatering/refs/heads/main/fiammacatering_technicalmanual_CI62.pdf;https://raw.githubusercontent.com/cooknation/fiammacatering/refs/heads/main/fiammacatering_drawing_CI62.pdf;https://raw.githubusercontent.com/cooknation/fiammacatering/refs/heads/main/fiammacatering_catalogue_CI62.pdf;https://raw.githubusercontent.com/cooknation/fiammacatering/refs/heads/main/fiammacatering_photo_CI62.jpg;https://raw.githubusercontent.com/cooknation/fiammacatering/refs/heads/main/fiammacatering_card_CI62.pdf;https://raw.githubusercontent.com/cooknation/fiammacatering/refs/heads/main/fiammacatering_catalogue.pdf;https://raw.githubusercontent.com/cooknation/fiammacatering/refs/heads/main/fiammacatering_price.pdf
CKNFMCEI305INOX;EI305INOX;FIAMMA CATERING;INSECT KILLER;INSECT KILLER;INSECT KILLER;485;mm;132;mm;392;mm;8;Kg;360;;EUR;;instock;;;;;;simple;;Coverage;100 mq;;;;;;;;;;;active;https://raw.githubusercontent.com/cooknation/fiammacatering/refs/heads/main/fiammacatering_video_EI305INOX.mp4;https://raw.githubusercontent.com/cooknation/fiammacatering/refs/heads/main/fiammacatering_image_EI305INOX.jpg;https://raw.githubusercontent.com/cooknation/fiammacatering/refs/heads/main/fiammacatering_image_2_EI305INOX.jpg;https://raw.githubusercontent.com/cooknation/fiammacatering/refs/heads/main/fiammacatering_image_3_EI305INOX.jpg;https://raw.githubusercontent.com/cooknation/fiammacatering/refs/heads/main/fiammacatering_datasheet_EI305INOX.pdf;https://raw.githubusercontent.com/cooknation/fiammacatering/refs/heads/main/fiammacatering_manual_EI305INOX.pdf;https://raw.githubusercontent.com/cooknation/fiammacatering/refs/heads/main/fiammacatering_technicalmanual_EI305INOX.pdf;https://raw.githubusercontent.com/cooknation/fiammacatering/refs/heads/main/fiammacatering_drawing_EI305INOX.pdf;https://raw.githubusercontent.com/cooknation/fiammacatering/refs/heads/main/fiammacatering_catalogue_EI305INOX.pdf;https://raw.githubusercontent.com/cooknation/fiammacatering/refs/heads/main/fiammacatering_photo_EI305INOX.jpg;https://raw.githubusercontent.com/cooknation/fiammacatering/refs/heads/main/fiammacatering_card_EI305INOX.pdf;https://raw.githubusercontent.com/cooknation/fiammacatering/refs/heads/main/fiammacatering_catalogue.pdf;https://raw.githubusercontent.com/cooknation/fiammacatering/refs/heads/main/fiammacatering_price.pdf
CKNFMCEI306INOX;EI306INOX;FIAMMA CATERING;INSECT KILLER;INSECT KILLER;INSECT KILLER;485;mm;162;mm;392;mm;8;Kg;370;;EUR;;instock;;;;;;simple;;Coverage;125 mq;;;;;;;;;;;active;https://raw.githubusercontent.com/cooknation/fiammacatering/refs/heads/main/fiammacatering_video_EI306INOX.mp4;https://raw.githubusercontent.com/cooknation/fiammacatering/refs/heads/main/fiammacatering_image_EI306INOX.jpg;https://raw.githubusercontent.com/cooknation/fiammacatering/refs/heads/main/fiammacatering_image_2_EI306INOX.jpg;https://raw.githubusercontent.com/cooknation/fiammacatering/refs/heads/main/fiammacatering_image_3_EI306INOX.jpg;https://raw.githubusercontent.com/cooknation/fiammacatering/refs/heads/main/fiammacatering_datasheet_EI306INOX.pdf;https://raw.githubusercontent.com/cooknation/fiammacatering/refs/heads/main/fiammacatering_manual_EI306INOX.pdf;https://raw.githubusercontent.com/cooknation/fiammacatering/refs/heads/main/fiammacatering_technicalmanual_EI306INOX.pdf;https://raw.githubusercontent.com/cooknation/fiammacatering/refs/heads/main/fiammacatering_drawing_EI306INOX.pdf;https://raw.githubusercontent.com/cooknation/fiammacatering/refs/heads/main/fiammacatering_catalogue_EI306INOX.pdf;https://raw.githubusercontent.com/cooknation/fiammacatering/refs/heads/main/fiammacatering_photo_EI306INOX.jpg;https://raw.githubusercontent.com/cooknation/fiammacatering/refs/heads/main/fiammacatering_card_EI306INOX.pdf;https://raw.githubusercontent.com/cooknation/fiammacatering/refs/heads/main/fiammacatering_catalogue.pdf;https://raw.githubusercontent.com/cooknation/fiammacatering/refs/heads/main/fiammacatering_price.pdf
CKNFMCAEF1530;AEF1530;FIAMMA CATERING;KNIFE DISINFECTION CABINET;KNIFE DISINFECTION CABINET;KNIFE DISINFECTION CABINET;505;mm;155;mm;613;mm;8;Kg;385;;EUR;;instock;;;;;;simple;;capacity;25-30 units;;;;;;;;;;;active;https://raw.githubusercontent.com/cooknation/fiammacatering/refs/heads/main/fiammacatering_video_AEF1530.mp4;https://raw.githubusercontent.com/cooknation/fiammacatering/refs/heads/main/fiammacatering_image_AEF1530.jpg;https://raw.githubusercontent.com/cooknation/fiammacatering/refs/heads/main/fiammacatering_image_2_AEF1530.jpg;https://raw.githubusercontent.com/cooknation/fiammacatering/refs/heads/main/fiammacatering_image_3_AEF1530.jpg;https://raw.githubusercontent.com/cooknation/fiammacatering/refs/heads/main/fiammacatering_datasheet_AEF1530.pdf;https://raw.githubusercontent.com/cooknation/fiammacatering/refs/heads/main/fiammacatering_manual_AEF1530.pdf;https://raw.githubusercontent.com/cooknation/fiammacatering/refs/heads/main/fiammacatering_technicalmanual_AEF1530.pdf;https://raw.githubusercontent.com/cooknation/fiammacatering/refs/heads/main/fiammacatering_drawing_AEF1530.pdf;https://raw.githubusercontent.com/cooknation/fiammacatering/refs/heads/main/fiammacatering_catalogue_AEF1530.pdf;https://raw.githubusercontent.com/cooknation/fiammacatering/refs/heads/main/fiammacatering_photo_AEF1530.jpg;https://raw.githubusercontent.com/cooknation/fiammacatering/refs/heads/main/fiammacatering_card_AEF1530.pdf;https://raw.githubusercontent.com/cooknation/fiammacatering/refs/heads/main/fiammacatering_catalogue.pdf;https://raw.githubusercontent.com/cooknation/fiammacatering/refs/heads/main/fiammacatering_price.pdf